id,replyCount,likeCount,publishedAt,authorName,text,authorChannelId,authorChannelUrl,isReply,isReplyTo,isReplyToName
Ugy4ZBwy3TQbVXyQD0h4AaABAg,0,0,"2022-08-20 14:38:44","Benjamin Ajd",Hahahahahahhahahahah,UCR2WwWTzy0sTgI6TsoftLTQ,http://www.youtube.com/channel/UCR2WwWTzy0sTgI6TsoftLTQ,0,,
UgxiSYoDYBm0gL5hY0Z4AaABAg,0,0,"2022-08-18 19:00:24","Benjamin Ajd",üòÇüòÇüòÇüòÇüòÇ,UCR2WwWTzy0sTgI6TsoftLTQ,http://www.youtube.com/channel/UCR2WwWTzy0sTgI6TsoftLTQ,0,,
UgyEWgzMXN3TbLVzU7x4AaABAg,0,0,"2022-08-13 07:50:57","Mark Lavric","Zaradi takih voditeljev kot je gospod Pucar in ostali na POP TV in A kanal na zalost se vedno gledam informativni program RTV SLO pa ceprav je zgolj ‚Äúlevi‚Äù propagandni kanal.,,,, Zalostno a resnicno",UC7nRvA3RBMXDGshWef792tQ,http://www.youtube.com/channel/UC7nRvA3RBMXDGshWef792tQ,0,,
UgxglB45hsvewzO0dSR4AaABAg,0,0,"2022-03-16 19:10:04","marija rodic","Ima ih 10 alo",UCDits1ES-JIubMtnowayzBg,http://www.youtube.com/channel/UCDits1ES-JIubMtnowayzBg,0,,
UgxiK8-ozZnWqbXDh0F4AaABAg,0,0,"2022-03-16 19:09:11","marija rodic","Edi vi se obnasate kot da bi se pravdali na sudi≈°cu skrajno nekulturono",UCDits1ES-JIubMtnowayzBg,http://www.youtube.com/channel/UCDits1ES-JIubMtnowayzBg,0,,
Ugx5dzsFvJfW_RZgmQp4AaABAg,0,0,"2022-01-05 12:58:39","May Munih Krape≈æ","ko bi se ≈°e zdaj novinarji tako postavili za javnost.",UC5dE8nkXKWA8YcQ8m2FEQmA,http://www.youtube.com/channel/UC5dE8nkXKWA8YcQ8m2FEQmA,0,,
UgyrshWkgTPC2uHJq5d4AaABAg,0,0,"2021-12-02 02:41:23","Jugo Kiss","Ne daj se Ines, ne daj se Zoki.",UCAlgJAhd5ab_ffglBpLzU3Q,http://www.youtube.com/channel/UCAlgJAhd5ab_ffglBpLzU3Q,0,,
UgwivqPEJZ0IR502KhZ4AaABAg,0,0,"2021-11-29 10:59:10","10 Downing Street","yo turbo shoutout from gnojisce",UCfpwglGq5RAy5aSiHSpoqAg,http://www.youtube.com/channel/UCfpwglGq5RAy5aSiHSpoqAg,0,,
UgxpWlgCBp5CNy0xs8N4AaABAg,0,0,"2021-09-16 15:25:31","Ne maram butlov","Ne ne skos ne ne fuuuul ga je raztrgu kveƒçmu sebe je raztrgu",UCr-NIB_gK1TtHN_bvn8V8Ng,http://www.youtube.com/channel/UCr-NIB_gK1TtHN_bvn8V8Ng,0,,
UgwLqqfjVnBy2-8gG-p4AaABAg,0,0,"2021-07-08 13:03:24","–≥—Ä–æ–±–∞—Ä–∏ —ò—É–≥","hahahahha kje je tu edi &quot;raztrgal&quot; jankovica. dokazal je le da je nekulturen in ne pusti jankovica do beseda",UCAA9EtbF6rWSaMoq8IfvVfQ,http://www.youtube.com/channel/UCAA9EtbF6rWSaMoq8IfvVfQ,0,,
UgzySeshN_EzJ6avVj94AaABAg,0,0,"2021-06-25 16:14:33","lora dejmanlora","Srb je.lopof sovra≈ænik slovenije.stirajte ga v srbijo.",UC9epPo7rhCgNGKabN1SqO9w,http://www.youtube.com/channel/UC9epPo7rhCgNGKabN1SqO9w,0,,
UgzQ-Cu9Xv7kEwscPFJ4AaABAg,0,0,"2021-05-28 15:57:38","Marjan dober≈°ek","2021 se zmeraj je ≈æupan",UC49xPQm2ldPqaA7A6zF3kmQ,http://www.youtube.com/channel/UC49xPQm2ldPqaA7A6zF3kmQ,0,,
UgwbDyft7wPsQ1TxzaF4AaABAg,0,0,"2021-05-27 01:00:29","Ivan Nenov",",.,. ZOKI je legenda zoki je kralj ,.,.domaƒçini so mu fol≈° kerje ƒçudovit mo≈°ki ,.,.lako biga najel zarasplod ƒçebi oplodil tele posu≈°ene slovenke potomci bi bili precej drugaƒçni iskani in spo≈°tovani ,.,.",UCfMDwb4pL_HqtRV5lezu5mA,http://www.youtube.com/channel/UCfMDwb4pL_HqtRV5lezu5mA,0,,
Ugxqs1MAmHIuN4sRgRl4AaABAg,0,1,"2021-03-26 17:18:48","Tina RuTe","Ta Edi je totalno neolikan.",UC9rPc7lFEFEEI25o8hy680g,http://www.youtube.com/channel/UC9rPc7lFEFEEI25o8hy680g,0,,
UgwWaPR3XzBXMPiRNkJ4AaABAg,0,0,"2021-02-05 16:43:11","Mateja Katiƒç",Lol,UCiCgV9ipuHWWyj2cCbHvZRA,http://www.youtube.com/channel/UCiCgV9ipuHWWyj2cCbHvZRA,0,,
Ugx7uIPo98h9R4LNE9V4AaABAg,0,1,"2020-12-25 10:52:48","Fit Buy","To je bilo predno se je zamenjal urednik na POPTV. 2020 pa je POPTV postala le ≈°e podalj≈°ana roka partije in s tem pristranski medij in se pridru≈æil RTV-ju kjer je baza partijskih lakajev.",UCYuJMYfk926Onq2Ryiy64qw,http://www.youtube.com/channel/UCYuJMYfk926Onq2Ryiy64qw,0,,
UgxuwdcLIN9LHos7x6F4AaABAg,0,0,"2020-12-24 22:08:05","Martin Otrin","jankoviƒç kriminalc",UCSqBepO7TDAl5gkG-Qtcp1w,http://www.youtube.com/channel/UCSqBepO7TDAl5gkG-Qtcp1w,0,,
UgxgwhPdf0Dj8FQQE_V4AaABAg,0,1,"2020-10-15 09:03:43","Anita Petrovicki","Gtozljive posnetke dajejo na ju tube in dajejo grozne posnetke od muck maƒçek maƒçek skaƒçe po mucki mucka pa od boleƒçin joka prosim pa pazit na zivali in ne maƒçek po mucki skaƒçe da joka od boleƒçin <br>Osebe prosim tiste ki imajo zivali naj pazijo na mucke ker maƒçkoni so grobi do muck mucke pa trpijo prosim da se z muckami lepo ravna <br>Hvala za razumevanje",UCBYSkWli0QxJhdU0rqVie2w,http://www.youtube.com/channel/UCBYSkWli0QxJhdU0rqVie2w,0,,
UgwgIzto_GSwWdmf-2x4AaABAg,0,0,"2020-10-08 20:05:57","D lin","Ja se 29 miljonov",UCAKm-GY1edL-jaTfrGKCIFQ,http://www.youtube.com/channel/UCAKm-GY1edL-jaTfrGKCIFQ,0,,
UgyMoGktux6swasrUwV4AaABAg,0,1,"2020-08-24 21:51:33",TUNER,:D,UC4xvqFXPA5yN6oMLiky0XXg,http://www.youtube.com/channel/UC4xvqFXPA5yN6oMLiky0XXg,0,,
UgxDyLYGPJ3pzWcpLfh4AaABAg,1,0,"2019-11-24 08:25:32","Ruhide Iljazi","Jezik slovenski ti serem",UC6zdqWcWe22mBwgZBef50pA,http://www.youtube.com/channel/UC6zdqWcWe22mBwgZBef50pA,0,,
UgxDyLYGPJ3pzWcpLfh4AaABAg.91hxbzJOFcG92bkWtqBtWP,,1,"2019-12-16 19:07:04",TheSlovenca,"I za≈°to onda sere≈° ovde? Mar≈° u uto...",UCxpOMXcN_FU-2d-cO5Se8Mg,http://www.youtube.com/channel/UCxpOMXcN_FU-2d-cO5Se8Mg,1,UgxDyLYGPJ3pzWcpLfh4AaABAg,"Ruhide Iljazi"
Ugxkx9aFL6rFBxzm6gt4AaABAg,0,0,"2019-11-24 08:25:20","Ruhide Iljazi","Jezik slovenski ti serem",UC6zdqWcWe22mBwgZBef50pA,http://www.youtube.com/channel/UC6zdqWcWe22mBwgZBef50pA,0,,
UgxsuY2FO5PIq0-Z3ZB4AaABAg,0,0,"2019-11-24 08:25:05","Ruhide Iljazi","Jezik slovenski ti serem",UC6zdqWcWe22mBwgZBef50pA,http://www.youtube.com/channel/UC6zdqWcWe22mBwgZBef50pA,0,,
Ugygy8q01_gPQYngDxB4AaABAg,0,0,"2019-11-24 08:23:47","Ruhide Iljazi","Ja cu vam strat slovensko zname obema",UC6zdqWcWe22mBwgZBef50pA,http://www.youtube.com/channel/UC6zdqWcWe22mBwgZBef50pA,0,,
UgxW0mxIrqPr1SgXb7B4AaABAg,0,1,"2019-11-17 19:36:04","ULTRAS Xy",2019,UC450kEk-JFwUAo7VNMLd1jA,http://www.youtube.com/channel/UC450kEk-JFwUAo7VNMLd1jA,0,,
UgyjS7kehpHjud7zs1B4AaABAg,0,0,"2019-11-16 23:36:19","Hajri Iljazi","Me be ne izdamo",UCCieraXTsRAxZJfKOnqNPbA,http://www.youtube.com/channel/UCCieraXTsRAxZJfKOnqNPbA,0,,
UgxTx03JIIejY6Id2_94AaABAg,0,0,"2019-11-16 23:35:52","Hajri Iljazi","Sposhtujtemi ruski princa princ nemc",UCCieraXTsRAxZJfKOnqNPbA,http://www.youtube.com/channel/UCCieraXTsRAxZJfKOnqNPbA,0,,
UgxIIwYmiJtEpiyJN3Z4AaABAg,0,0,"2019-10-15 10:44:57","Enver Iljazi","je j3bo sh3nazije shabani",UCvlpob7WxIQr7l02s9dJ4nA,http://www.youtube.com/channel/UCvlpob7WxIQr7l02s9dJ4nA,0,,
UgzlifptBCEzG6w8gIJ4AaABAg,0,0,"2019-10-15 10:44:47","Enver Iljazi","soran usrana guzicq",UCvlpob7WxIQr7l02s9dJ4nA,http://www.youtube.com/channel/UCvlpob7WxIQr7l02s9dJ4nA,0,,
UgxdwOfpvRDngQ9_p8x4AaABAg,0,0,"2019-10-09 16:33:15","Hajri Iljazi",Zdokomentom,UClcWrubaoTRpeUjnWmg0jnQ,http://www.youtube.com/channel/UClcWrubaoTRpeUjnWmg0jnQ,0,,
Ugy2pu8DbSN83ymMBJt4AaABAg,0,0,"2019-10-09 16:32:05","Hajri Iljazi","Vratite ruska loto od 1996 275 mega i do 2019loto belorusije od mene",UClcWrubaoTRpeUjnWmg0jnQ,http://www.youtube.com/channel/UClcWrubaoTRpeUjnWmg0jnQ,0,,
UgzERDj2dkcAf1AYa9x4AaABAg,0,5,"2019-08-22 17:39:50","Mihael Mauric","2019 ?",UCNupQ9hqH-jRcezS1kx_b6A,http://www.youtube.com/channel/UCNupQ9hqH-jRcezS1kx_b6A,0,,
UgwtI700XosOc13_uXF4AaABAg,0,1,"2019-03-01 19:04:18","Alix'x WorkShop","Jankec trpa ≈æe ƒçetrti mandat... Samo ƒçe bo zdrav jih bo nabiu ≈°e 4 zihr... :D",UC-8ULLt3eAHwUKmHrgty1cA,http://www.youtube.com/channel/UC-8ULLt3eAHwUKmHrgty1cA,0,,
UgzyAlfPwNnnoNBZYGp4AaABAg,0,1,"2018-09-03 23:37:56","alex ulbl","Ej,sem Mariborƒçan z mariborskimi problemi in na≈°im ≈æupanom. Kaj ≈°e dela to tele tako dolgo na polo≈æaju ≈æupana glavnega mesta??! üò†",UC596xXkZzbh-3YhOTNU-Iag,http://www.youtube.com/channel/UC596xXkZzbh-3YhOTNU-Iag,0,,
UgzMDY1tPCXeHJQxfKt4AaABAg,1,0,"2018-08-22 06:10:35","Jaka Najdenov","Neverjetno, da je zaradi posameznika napaden cel narod. Sramota... Kako ≈æe gre? Ne vrag, le sosed...",UC_dl2n8aiBSR0zEw3imKV2A,http://www.youtube.com/channel/UC_dl2n8aiBSR0zEw3imKV2A,0,,
UgzMDY1tPCXeHJQxfKt4AaABAg.8kEpIxL3Uev8lMIZEghbf5,,0,"2018-09-19 00:21:02",SlizzyPoko,"Ne Hrvat, le sosed...",UC7fJwjh6_hrrB7-3SlaHv7w,http://www.youtube.com/channel/UC7fJwjh6_hrrB7-3SlaHv7w,1,UgzMDY1tPCXeHJQxfKt4AaABAg,"Jaka Najdenov"
UgzJgyULxFCO-J-R3GV4AaABAg,0,0,"2018-01-22 18:24:46","Neki Kine","Ne ne...hahah ƒçlaan tip Ankaranƒçlan",UCyBOC9AVKSWHnSCWI1sMOdg,http://www.youtube.com/channel/UCyBOC9AVKSWHnSCWI1sMOdg,0,,
UgwpH-rf_pGP8XoDkEl4AaABAg,0,0,"2017-10-25 20:20:29","Ana Kosir","ampak to je najveƒçji lopov, pa pol pismen, za njega velja prav poseben zakon oMERTA, hi≈°a je moa ampak jaz sem jo dal sino, paƒç ≈°e ni prepisana,k in tega bedaka imamo za ≈æupana, norƒçuje se iz vvsweh nas SLIVENcev in nas imajo ju≈ænjaki ƒÜ..... za norca, kdaj se bomo popolnoma osamosvojili v Lj. skoraj veƒç ne sli≈°i≈° sloven≈°ƒçine.",UCzgTpP4mwpHe0Y5JL2vfNlw,http://www.youtube.com/channel/UCzgTpP4mwpHe0Y5JL2vfNlw,0,,
Ugz9flRKG0PJ1GRLGeR4AaABAg,0,0,"2017-10-23 15:28:02","Nurburgring Runs","Jankovicu se jebe2 on ima svoje miljone, kdor ima denar ima moƒç, lahko mi ga samo fafajo to je njegova mantra. Bo pri≈°el ƒças ko bomo te klo≈°arje balkanske spet totalno prehitel gospodarsko, politiƒçno in ≈°portno. Slovenija je ≈°e vedno zelo mlada dr≈æava in se spopada z menjavo zastarelih zakonov. Tisti balkanci ki so slovenijo vzeli za svojo in so tu sreƒçni u≈æivajte imejte se radi, ne prena≈°am pa teh budal ki se norƒçujejo iz na≈°ega jezika in ne govorijo sloven≈°ƒçine iz principa ker sovra≈æijo slovenijo in komaj ƒçakajo vikende, dopuste in poƒçitnice da se vratijo u bosno, srbijo itd, taki so direkt za v hudo jamo",UCoxtjuk5W6HRcr1IR-536uw,http://www.youtube.com/channel/UCoxtjuk5W6HRcr1IR-536uw,0,,
Ugyj0XOQUJLzNxhlWT14AaABAg,0,3,"2017-10-14 14:51:52","x munki","tip ma jajca lol, le kaj je pucer skonzumiral pred to oddajo",UC98zjfpOEVcW22DbJewQDpA,http://www.youtube.com/channel/UC98zjfpOEVcW22DbJewQDpA,0,,
UggYauKtH_L_XXgCoAEC,0,0,"2017-07-13 20:36:07","Monika Primc","Edi Pucer ƒçe bi vi malo manj govorili bi mi morda malo veƒç sli≈°ali.",UCPpqY7oZL4XwOCIJjNe4uOQ,http://www.youtube.com/channel/UCPpqY7oZL4XwOCIJjNe4uOQ,0,,
UghykoHeUTwHMXgCoAEC,0,0,"2017-06-24 11:29:52",SHARPY,"jutri bo de≈æ",UCJ0xRFX6LKk3LtRATg3VRog,http://www.youtube.com/channel/UCJ0xRFX6LKk3LtRATg3VRog,0,,
UghniIJB3jW62ngCoAEC,0,1,"2017-06-15 20:28:12",nokiatel,"dobr ga je..",UCWmQddgdyOX2tBITz4mmS8g,http://www.youtube.com/channel/UCWmQddgdyOX2tBITz4mmS8g,0,,
UggHFW1mdO_TSHgCoAEC,0,0,"2017-01-06 21:11:10","Mateja Terƒçiƒç","cist prov mu je supak en",UCVAEDBZesC5N7C8wQGG2kDg,http://www.youtube.com/channel/UCVAEDBZesC5N7C8wQGG2kDg,0,,
Ughkiqv-pE2vuHgCoAEC,0,0,"2016-12-11 19:03:52","Julijan Grajfoner","NIZKA hhahaa sej pi≈°e da je fake",UCFbzofseMwAmyaZftJl_lvA,http://www.youtube.com/channel/UCFbzofseMwAmyaZftJl_lvA,0,,
UgiIuwnXvjobJngCoAEC,0,0,"2016-11-06 19:20:09",Tilexz,ha,UCvulsMnaOp5S1Zc8cIzwr9Q,http://www.youtube.com/channel/UCvulsMnaOp5S1Zc8cIzwr9Q,0,,
Uggvkz-YoXsTf3gCoAEC,0,0,"2016-11-02 15:27:22","Peter M","de de",UCPHo9pJdLf19WgUl_eihqmQ,http://www.youtube.com/channel/UCPHo9pJdLf19WgUl_eihqmQ,0,,
UggC7tuiJG7QhHgCoAEC,0,0,"2016-09-16 14:30:22","Leja Megliƒç","prov mu je da ga je rstrgal",UCtJZZ5r6TbDZRSzCb1SJXTw,http://www.youtube.com/channel/UCtJZZ5r6TbDZRSzCb1SJXTw,0,,
Ugj0qQjcADycMXgCoAEC,0,5,"2016-08-25 22:44:25","Flash Light","Dokler boste ljudje podpirali Jankoviƒça in njemu podobne, bo slovenija v totalnem kurcu ... Namesto bi ≈°li na ulice in protestirali proti takim lopovom kot je on, jan≈°a, bavƒçar itd ... jih raje hvalite in nosite v nebesa ... kreteni.",UCXXHRfZT7Szbx6F9B9_P9eA,http://www.youtube.com/channel/UCXXHRfZT7Szbx6F9B9_P9eA,0,,
UgjgjbuHt6CT5ngCoAEC,3,0,"2016-05-23 14:32:08",haisenberg,"Zoran Jankovic je najbolj≈°i ≈æupan Ljubljane v samostojni Sloveniji.",UC424ZLNJrJExuNp5faC_fxg,http://www.youtube.com/channel/UC424ZLNJrJExuNp5faC_fxg,0,,
UgjgjbuHt6CT5ngCoAEC.8EDi4-dxZKc8I7Pbi-q12W,,0,"2016-08-28 13:52:14","Lucija Zore","Spet: smesno",UCdXOq7wTO54NqIpuEtQ--hw,http://www.youtube.com/channel/UCdXOq7wTO54NqIpuEtQ--hw,1,UgjgjbuHt6CT5ngCoAEC,haisenberg
UgjgjbuHt6CT5ngCoAEC.8EDi4-dxZKc8I0cbE1jr1K,,2,"2016-08-25 22:39:49","Flash Light","Seveda je lahko najbolj≈°i ≈æupan v sloveniji, ko pa ima svoje ljudi na zelo visokih polo≈æajih, zraven tega pa dr≈æava ves denar porine v lj ... moƒçvirniki tega ne boste nikoli hoteli razumeti.",UCXXHRfZT7Szbx6F9B9_P9eA,http://www.youtube.com/channel/UCXXHRfZT7Szbx6F9B9_P9eA,1,UgjgjbuHt6CT5ngCoAEC,haisenberg
UgjgjbuHt6CT5ngCoAEC.8EDi4-dxZKc8GHW-TKrwkX,,4,"2016-07-13 18:57:40","Lucija Zore",smesno,UCdXOq7wTO54NqIpuEtQ--hw,http://www.youtube.com/channel/UCdXOq7wTO54NqIpuEtQ--hw,1,UgjgjbuHt6CT5ngCoAEC,haisenberg
UgjHhl_xjpJTxngCoAEC,0,0,"2016-04-10 15:08:49",Alebarasi,"Ahhh, komentarji ... Ali si Jankoviƒáev, ali pa Jan≈°ev. Mo≈ænost neopredeljenosti oz. &quot;nobeden od njiju me ne zanima&quot; sploh ne obstaja",UCJMEYyfbm3VItcIx0TyE_DA,http://www.youtube.com/channel/UCJMEYyfbm3VItcIx0TyE_DA,0,,
Ugg9Vy5-uyjE53gCoAEC,2,2,"2016-02-01 00:34:13",MakeSh00t,"brez zorana bi ljubljana bila low skilled look. Plus stadion vse zivo ima ljubljana. Kaj koga briga kaj ima on kero hiso. Kaj koga briga kaj kdo ima. pa da ima ferarija ....boli me dupe.",UCmic3lsc5qUBzj7oSXLVQ_g,http://www.youtube.com/channel/UCmic3lsc5qUBzj7oSXLVQ_g,0,,
Ugg9Vy5-uyjE53gCoAEC.89gp8yUPLKd8I0t67WEAk2,,0,"2016-08-26 01:03:59",MakeSh00t,"A res ? Amerika nemcija od cesa se gradi od zraka ? drzavni denar naj gre za gradnjo in sluzbe. A ne za trosarino. Naj gradijo cim vec... da bo lepa slovenija ne pa afganistan.",UCmic3lsc5qUBzj7oSXLVQ_g,http://www.youtube.com/channel/UCmic3lsc5qUBzj7oSXLVQ_g,1,Ugg9Vy5-uyjE53gCoAEC,MakeSh00t
Ugg9Vy5-uyjE53gCoAEC.89gp8yUPLKd8I0crBR--2j,,2,"2016-08-25 22:42:00","Flash Light","Le kako je najbolj zadol≈æena obƒçina daleƒç najbolj razvita? Saj res ... dr≈æavni denar, ki nam ga kradejo politiki po celi sloveniji, gre v ljubljano ... Toliko objektov se nikjer v slovniji ni zgradilo na dr≈æavne stro≈°ke, kot v LJ.",UCXXHRfZT7Szbx6F9B9_P9eA,http://www.youtube.com/channel/UCXXHRfZT7Szbx6F9B9_P9eA,1,Ugg9Vy5-uyjE53gCoAEC,MakeSh00t
UgiBRPgFTDVSCXgCoAEC,1,1,"2015-04-04 15:47:27","LOLEK A BOLEK","Zoki kralj,neprecenljivo.",UCqgXPPWcK0UT09t-MVdp_WA,http://www.youtube.com/channel/UCqgXPPWcK0UT09t-MVdp_WA,0,,
UgiBRPgFTDVSCXgCoAEC.7-H0Z7-9g2492bjilmqEQI,,2,"2019-12-16 19:00:05",TheSlovenca,"A ti si pa noj, ki ne more potegnit glave iz peska?",UCxpOMXcN_FU-2d-cO5Se8Mg,http://www.youtube.com/channel/UCxpOMXcN_FU-2d-cO5Se8Mg,1,UgiBRPgFTDVSCXgCoAEC,"LOLEK A BOLEK"
Ugit4VY19XPxW3gCoAEC,0,10,"2014-11-12 12:26:05",smallpotatoes989,"Zoki je car.",UCU-vD4g4sA02u0lW1F3O_Yg,http://www.youtube.com/channel/UCU-vD4g4sA02u0lW1F3O_Yg,0,,
UghyNmg6lhjEG3gCoAEC,2,4,"2014-05-27 17:50:31","G. Realist","PLAVAJTE ƒÜEFURI PLAVAJTE HAHAHAHAHAAAAAAAAAAAAAAAAAAAAAAAAAAAAAAAAAAAAAA",UC3S81XKsDN4ib5EnquHKCww,http://www.youtube.com/channel/UC3S81XKsDN4ib5EnquHKCww,0,,
UghyNmg6lhjEG3gCoAEC.7-H0Z7-7kQb8kz6dXwzbxT,,1,"2018-09-09 14:55:07","Dubravka Rankoviƒá","Gospod Salama -> salamica , plavamo plavamooo , prsno , leƒëno i jo≈° pa jo≈° ! Lepozdravƒáiƒá",UCYwtTCCWgReFSG8ZpCpPYbw,http://www.youtube.com/channel/UCYwtTCCWgReFSG8ZpCpPYbw,1,UghyNmg6lhjEG3gCoAEC,"G. Realist"
UghyNmg6lhjEG3gCoAEC.7-H0Z7-7kQb8aKLJBEPzzN,,0,"2017-12-18 20:21:14",Qoikon,"Dej Salamar brez cefurju slovenija ne bi obstajala",UCGTUn4fPfwBNLaV3Vtvvw-w,http://www.youtube.com/channel/UCGTUn4fPfwBNLaV3Vtvvw-w,1,UghyNmg6lhjEG3gCoAEC,"G. Realist"
UgizZmQ50_PmiHgCoAEC,2,23,"2014-04-27 11:02:21",U5K0,"in ta baraba naj bi vodila najveƒçjo vladno stranko<br><br>pa lisica bo kure ƒçuvala",UCLx15fGYHI612DRwBFLuw7A,http://www.youtube.com/channel/UCLx15fGYHI612DRwBFLuw7A,0,,
UgizZmQ50_PmiHgCoAEC.7-H0Z7-Fpee8UyXuKKY08p,,0,"2017-07-13 20:40:24","Monika Primc","lisica kuro tudi lahka ƒçuva ampak sam svojo ostalim pa sperje perje",UCPpqY7oZL4XwOCIJjNe4uOQ,http://www.youtube.com/channel/UCPpqY7oZL4XwOCIJjNe4uOQ,1,UgizZmQ50_PmiHgCoAEC,U5K0
UgizZmQ50_PmiHgCoAEC.7-H0Z7-Fpee88mT533eMgi,,0,"2016-01-09 08:36:45","Rok M","+U5K0 Video je zmontiran in je samo za zabavo budala.",UCHTdm8Dm1_CAMiztP6jQy8Q,http://www.youtube.com/channel/UCHTdm8Dm1_CAMiztP6jQy8Q,1,UgizZmQ50_PmiHgCoAEC,U5K0
Ugik8MpuLRwsvXgCoAEC,7,24,"2014-04-26 19:11:22","andrej glasni","Tele vse na iƒç in podobne bi vas steral nazal na balkan ƒçe pa neb hotl pa metek v ƒçelo. Sam sranje delat pri nas. Noben bosanc srb al pa hrvat ne bo jebu mater slovencem. Spizdite nazaj od koder ste pr≈°l. Po 10 20 30 let ste ≈æe v sloveniji pa ne govorite slovensk oz. noƒçete govorit slovensk. take bi vas steral nazaj ≈°e predn bi vpra≈°u zakaj",UC9xdsybZMM7tCGLYx7gw4AQ,http://www.youtube.com/channel/UC9xdsybZMM7tCGLYx7gw4AQ,0,,
Ugik8MpuLRwsvXgCoAEC.7-H0Z7-CJ4W8kz6N0j06uO,,1,"2018-09-09 14:52:44","Dubravka Rankoviƒá","andrej puzabu si Pahorja - obiski Srbija, Kroatija , Bosnija , Kosovas - mani mani maniii ! Ajde stani !",UCYwtTCCWgReFSG8ZpCpPYbw,http://www.youtube.com/channel/UCYwtTCCWgReFSG8ZpCpPYbw,1,Ugik8MpuLRwsvXgCoAEC,"andrej glasni"
Ugik8MpuLRwsvXgCoAEC.7-H0Z7-CJ4W8aFaZwDaLg_,,0,"2017-12-17 00:07:08","Booper Dooper","Ce pa teb kaj ne pase se pa presel v avstrijo ker tam pa majo naivne slovenceljne zlo radi :*",UC64P8zLbDcqx71D2B0e2Xrw,http://www.youtube.com/channel/UC64P8zLbDcqx71D2B0e2Xrw,1,Ugik8MpuLRwsvXgCoAEC,"andrej glasni"
Ugik8MpuLRwsvXgCoAEC.7-H0Z7-CJ4W8aFaWGiQ7cX,,0,"2017-12-17 00:06:38","Booper Dooper","Gospod Salamar stavim da si 10 letni janezek ki se tukaj sopiri za ekranom daj daj kak narod pa je slovenija kao neka avstrija sram vas bilo slovenci ni niti narod ""2 miljon"" al vsa vecja mesta so vec kot 50% cefurjev",UC64P8zLbDcqx71D2B0e2Xrw,http://www.youtube.com/channel/UC64P8zLbDcqx71D2B0e2Xrw,1,Ugik8MpuLRwsvXgCoAEC,"andrej glasni"
Ugik8MpuLRwsvXgCoAEC.7-H0Z7-CJ4W8aFaHsOW_sX,,0,"2017-12-17 00:04:40","Booper Dooper","govno jedno.. svinja prica kukuruz al kukuruzna nema",UC64P8zLbDcqx71D2B0e2Xrw,http://www.youtube.com/channel/UC64P8zLbDcqx71D2B0e2Xrw,1,Ugik8MpuLRwsvXgCoAEC,"andrej glasni"
Ugik8MpuLRwsvXgCoAEC.7-H0Z7-CJ4W8PDM9bAxwtY,,9,"2017-02-20 20:57:15","Matej Bukovec","Priporoƒçam, da se najprej ti nauƒçi≈° slovensko, za tem pa ≈°ele pljuva≈° po priseljencih. Mimogrede, sem hrvat po narodnosti, pa imam bolj obvladam slovenski jezik kot ti. Ne zna≈° uporabljati loƒçil, nepravilno tvori≈° besede, ime dr≈æave pi≈°e≈° z malo, celo slengovske besede nepravilno uporablja≈°. In ti bo≈° komu solil pamet. Na tebi ni vredno niti izgubljati besed, kaj ≈°ele kaj drugega.",UCa8kTi07pHeQMQgj0qmxibA,http://www.youtube.com/channel/UCa8kTi07pHeQMQgj0qmxibA,1,Ugik8MpuLRwsvXgCoAEC,"andrej glasni"
Ugik8MpuLRwsvXgCoAEC.7-H0Z7-CJ4W7Iwn-gga957,,0,"2015-08-28 15:48:01",ajetamkajvid,"+andrej glasni Sanja svinja o koruzi...",UC78TpXh3LBsVky8-pAc4j0w,http://www.youtube.com/channel/UC78TpXh3LBsVky8-pAc4j0w,1,Ugik8MpuLRwsvXgCoAEC,"andrej glasni"
Ugik8MpuLRwsvXgCoAEC.7-H0Z7-CJ4W7CAiUjH9DZ9,,1,"2015-03-13 11:17:25","g perhan","@Peter Teodorovic govno",UCDQE_L9bZy9KK2wMnyFDq3A,http://www.youtube.com/channel/UCDQE_L9bZy9KK2wMnyFDq3A,1,Ugik8MpuLRwsvXgCoAEC,"andrej glasni"
UgiwlbOCWdcRc3gCoAEC,0,8,"2014-02-19 13:22:49",Johnny,LOPOVI!!,UCEsLM9xtM5yEwUClSecW10A,http://www.youtube.com/channel/UCEsLM9xtM5yEwUClSecW10A,0,,
UggByJhuWrC6YXgCoAEC,1,7,"2014-01-06 23:19:35","Robert Kren","ne vem,v ƒçem ga je raztrgu...edino to,da se je Pucer kot voditelj obna≈°al kot navaden kmet,totalen antiretorik,mu nonstop skakal v besedo...pa drugaƒçe nisem Jankoviƒçev zagovornik,a v tem videu je vse,kar se vidi,neprofesionalnost Pucerja...glede na nekatere spodnje komentarje zakrinkanih zakompleksancev pa...¬†no comment",UCuE3pkdM2O2YYQ8lc6-UnMg,http://www.youtube.com/channel/UCuE3pkdM2O2YYQ8lc6-UnMg,0,,
UggByJhuWrC6YXgCoAEC.7-H0Z7-Es8-8CV2qEFF-Ql,,0,"2016-04-10 15:06:39",Alebarasi,"+Robert Kren Podpis",UCJMEYyfbm3VItcIx0TyE_DA,http://www.youtube.com/channel/UCJMEYyfbm3VItcIx0TyE_DA,1,UggByJhuWrC6YXgCoAEC,"Robert Kren"
UgiS7X6Svf4e_3gCoAEC,1,15,"2013-11-25 22:44:26","Bo≈°tjan Bo≈°tjan","Ha ha ha, ko je pa treba plenit, je pa hi≈°a oƒçijeva hehe...",UCtrPIxAN8MM_m9zLpyHnGQg,http://www.youtube.com/channel/UCtrPIxAN8MM_m9zLpyHnGQg,0,,
UgiS7X6Svf4e_3gCoAEC.7-H0Z7-21o38zYhzZPyKw4,,0,"2019-09-06 19:22:21","Lumbek Tim","Bo≈°tjan Bo≈°tjan",UCkhIivcgxeefHzgdXGa-qZA,http://www.youtube.com/channel/UCkhIivcgxeefHzgdXGa-qZA,1,UgiS7X6Svf4e_3gCoAEC,"Bo≈°tjan Bo≈°tjan"
Ugg-4pkqW0oDqHgCoAEC,6,5,"2013-11-18 16:12:00","teja sitar","SLOVENCEKI BRAVO CASTITE JANSO KO BOGA ON GRADI BOLNICO V AVSTRALIJI Z VASIM DENARJEM VI PA SE ZA KRUH NIMATE PRAVITE DA STE KOT NAROD ZE 1500 LET OD TEGA 800 LET HLAPCI RES STE LAHKO PONOSEN NAROD NI KAJ",UCeZi9YC90b7xZWhAoD3OJ1g,http://www.youtube.com/channel/UCeZi9YC90b7xZWhAoD3OJ1g,0,,
Ugg-4pkqW0oDqHgCoAEC.7-H0Z7-UoEQ8CV2mSPv8XI,,0,"2016-04-10 15:06:08",Alebarasi,"+teja sitar Popravek: Doloƒçeni ƒçastijo Jan≈°o",UCJMEYyfbm3VItcIx0TyE_DA,http://www.youtube.com/channel/UCJMEYyfbm3VItcIx0TyE_DA,1,Ugg-4pkqW0oDqHgCoAEC,"teja sitar"
Ugg-4pkqW0oDqHgCoAEC.7-H0Z7-UoEQ8A9WMrYRQWg,,0,"2016-02-12 13:18:34","Miha Nogra≈°ek","+teja sitar a kle se folk pride kregat pa norƒçevt iz drugih maaaan",UCPZTA0eLGbqvRnXhG34MNDQ,http://www.youtube.com/channel/UCPZTA0eLGbqvRnXhG34MNDQ,1,Ugg-4pkqW0oDqHgCoAEC,"teja sitar"
Ugg-4pkqW0oDqHgCoAEC.7-H0Z7-UoEQ74aSKEdKdsI,,5,"2014-03-30 21:16:25",7Scythe7,"Jaz imam vsaj sliko ^^..Slabo zate, da ƒçez svoj narod govori≈°...Sklepam po priimku?",UCJ8dPlgXAXH8E7cYAmgNLvQ,http://www.youtube.com/channel/UCJ8dPlgXAXH8E7cYAmgNLvQ,1,Ugg-4pkqW0oDqHgCoAEC,"teja sitar"
Ugg-4pkqW0oDqHgCoAEC.7-H0Z7-UoEQ74_cKGyY4xV,,0,"2014-03-30 13:33:18","teja sitar","pravi si frajer skrivas se za neko sliko pa jezik vrtis res tipicni slovencelj",UCeZi9YC90b7xZWhAoD3OJ1g,http://www.youtube.com/channel/UCeZi9YC90b7xZWhAoD3OJ1g,1,Ugg-4pkqW0oDqHgCoAEC,"teja sitar"
Ugg-4pkqW0oDqHgCoAEC.7-H0Z7-UoEQ74Y0d_9E-dm,,3,"2014-03-29 13:16:48",7Scythe7,"Daj tiho ker takega pisanja nihƒçe ne zastopi...",UCJ8dPlgXAXH8E7cYAmgNLvQ,http://www.youtube.com/channel/UCJ8dPlgXAXH8E7cYAmgNLvQ,1,Ugg-4pkqW0oDqHgCoAEC,"teja sitar"
Ugg-4pkqW0oDqHgCoAEC.7-H0Z7-UoEQ72C_6FYDu2A,,17,"2014-01-30 12:20:36",7Scythe7,"Nauƒçi se zgodovine in nauƒçi se pisati mrha mala.",UCJ8dPlgXAXH8E7cYAmgNLvQ,http://www.youtube.com/channel/UCJ8dPlgXAXH8E7cYAmgNLvQ,1,Ugg-4pkqW0oDqHgCoAEC,"teja sitar"
UgiNXTmQtFNAlXgCoAEC,0,37,"2013-11-13 11:52:59",majkl5579,"Vsi vi Ju≈æni,ki se tule pederi≈°ite,da mu ne pusti do besede,se nauƒçite brat pa boste mogoƒçe vidli da je posnetek zmontiran in za zabavo!!!!!!!",UCBnarqS2nQaOwyR919CaBoQ,http://www.youtube.com/channel/UCBnarqS2nQaOwyR919CaBoQ,0,,
UgwwLX1vvxaYow4D3sx4AaABAg,0,0,"2013-11-05 17:36:07","Ascar as","kwa ti model govori≈° kak≈°n po≈°ten narod! kdo od politikov je po≈°ten? kle sploh ne igra njegova nacionalnost in kaj majo kle ƒçefurji veze, wtf tvoja mentaliteta je tok u kurcu da postaja≈° nacionalist! ",UC-1upeK4shYea1S2axaFV5A,http://www.youtube.com/channel/UC-1upeK4shYea1S2axaFV5A,0,,
UgwAKtsH1xARcLUe5IZ4AaABAg,0,0,"2013-10-23 11:35:32","G. Realist","1.mislim da me ≈°e niti 1 ni zamenjala za srbula/ƒçefurja 2.nima≈° za burek 3.sindrom majhenga penisa + obƒçutek veƒçvrednosti in nesigurnosti 4.si niƒç drugega kot niƒçvredni piƒçkin dim ki zavzema zrak in plac bolj≈°emu ƒçloveku.",UC3S81XKsDN4ib5EnquHKCww,http://www.youtube.com/channel/UC3S81XKsDN4ib5EnquHKCww,0,,
Ugx5ZgIQRaOucq3v-6t4AaABAg,0,0,"2013-10-21 17:19:55","aljo≈°a begiƒç","Navadna raja naj gre u vlado nam bo bols k je zdj",UCN31Qn10A5B8BWzP42aPFzA,http://www.youtube.com/channel/UCN31Qn10A5B8BWzP42aPFzA,0,,
Ugw4NgjTacAmaZWvaDJ4AaABAg,1,2,"2013-10-20 15:55:29","G. Realist","in NUJNO MORE BITI SLOVENEC! KURAC GLEDA BALKANSE HIJENE! SLOVENCI SMO NAƒåELOMA PO≈†TEN NAROD IN TO ZMOREMO SAMI BREZ POHLEPNIH,POKVAJENIH ƒåEFURJOV!!",UC3S81XKsDN4ib5EnquHKCww,http://www.youtube.com/channel/UC3S81XKsDN4ib5EnquHKCww,0,,
Ugw4NgjTacAmaZWvaDJ4AaABAg.8GcItvWq-B599fMZT5gM4E,,0,"2020-06-09 04:25:41","G. Realist","@BunnyHop1337 No jaz pa iz lastnih izku≈°enj iz njimi zelo dobr vem ƒçesa so in ƒçessa niso sposobni in tudi jaz ti lahko posredujem informacije da je v slo zaporih veƒç kot 85% ju≈ænega porekla :) drugaƒçe pa seveda izvoli posreduj ƒçim veƒç svojih ""dokazov"".Pa da te vidimo :)",UC3S81XKsDN4ib5EnquHKCww,http://www.youtube.com/channel/UC3S81XKsDN4ib5EnquHKCww,1,Ugw4NgjTacAmaZWvaDJ4AaABAg,"G. Realist"
Ugz50arqVYR--DsH6FJ4AaABAg,0,1,"2013-10-17 15:18:54","Funny world it is","Daj bedak dr≈æi gobec da jih nebo≈° po pizdi dobil.",UC5btmbBCNBUy4sKCUPUo-Vg,http://www.youtube.com/channel/UC5btmbBCNBUy4sKCUPUo-Vg,0,,
Ugz68erVAm3Z30PDs_N4AaABAg,0,8,"2013-10-15 14:55:33","Slovenijo Slovencem","Hvala za podporo nobenmu nebom dovolu da bo kle pluvau ƒçez na≈° narod in na≈°o dr≈æavo! ",UCacq5S0EuAEluveHCavqJAw,http://www.youtube.com/channel/UCacq5S0EuAEluveHCavqJAw,0,,
Ugwp1ZTui6H3WlDYBI94AaABAg,0,2,"2013-10-14 04:07:46","G. Realist","pa ve≈° kaj je ≈°e en VELIK problem pr vas srbulih?k mislte da ste bog in batina mislte da ste iz enga razloga kr veƒçvredni od vseh obna≈°ate se k da je va≈°a gnila dr≈æava tok velka k Amerika al pa Rusija lol pa mislte da vse veste o vsem pa da ste kao najbol≈°i..a v bistvu nimate kulture,inteligence neznate bit individualni vse kar vas vodi je va≈° nami≈°ljen ponos k ga itak nimate za kej met:) al se prilagodi≈° dr≈æavi v kero si pri≈°el al pa sam SPIZDI nazaj pa tam pametuj ≈°ipak ƒçefurski",UC3S81XKsDN4ib5EnquHKCww,http://www.youtube.com/channel/UC3S81XKsDN4ib5EnquHKCww,0,,
UgwBDO3mEFeYWJDQ4KB4AaABAg,0,0,"2013-09-07 00:58:12","Klement Mal","to sem ≈æe sam ugotovil-Jankoviƒá je lopov in ≈æloƒçinec-gre pa za za Jan≈°o ki je isti",UCyNVMcSodsUL-c0eSwr8iMA,http://www.youtube.com/channel/UCyNVMcSodsUL-c0eSwr8iMA,0,,
UgxgV-9lTSu1uhjCy594AaABAg,0,0,"2013-08-25 20:37:29","Zoran ƒåizmiƒá",". Usaj za moje pojme. In usi tisti k ste t.i. &quot;Skinheadi&quot; karkoli ≈æe, bi mogl to vedt? :) Spo≈°tujem tiste skine, ki vejo zakaj, kako in kaj, te mangupi k pa skinheade povezjujejo samo z vandalizmom in se uƒçlanjujejo v take skupine sam zato da majo hrbet, pa lahko slobodno da se spustijo na kolena pa sprejmejo kej v usta mlahava. :) Lp :)",UC-BU9cH5KilXgic5if-0YyA,http://www.youtube.com/channel/UC-BU9cH5KilXgic5if-0YyA,0,,
UgwyNfeA_hNaFR_kH4B4AaABAg,0,0,"2013-08-25 20:37:13","Zoran ƒåizmiƒá"," Torej, omenjeni Langobardi so lepo od≈°etal v italijo in tle so se zaƒçel naseljevat SLOVANI, kar smo ubistvu usi, in pol ≈°ele ko je Karantanija v igri se omenja Slovenec. Hrvat je omenjen ≈æe v legendi pred pfiiiju leti, Srb isto, zakaj ni Slovenca? drugaƒçe pa, ni sploh pomembno, smo ljudje. Ampak kaj ma≈° od tega da trdi≈° neki kar prebere≈° na 24 ur in misli≈° da si pogoutnu enciklopedijo? Navsezadnje smo pa vsi mi &quot; Tu Negdje&quot; tko da teh 40-50 let alpa 100-150 let je isti kurac k uƒçeri pa danes",UC-BU9cH5KilXgic5if-0YyA,http://www.youtube.com/channel/UC-BU9cH5KilXgic5if-0YyA,0,,
UgzdymigfgrWzyZr_DJ4AaABAg,0,0,"2013-08-25 20:36:19","Zoran ƒåizmiƒá"," Sicer so omenjani ≈æe prej ampak pustmo, gremo na to sceno. Slovenci - (kopirano oz. citiram) &quot; pomembnej≈°i naselitveni val, ki je pri≈°el z jugovzhoda, je datiran po letu 568, ko so se umaknili z dana≈°njega slovenskega ozemlja v Italijo Langobardi. V izpraznjeni prostor, ki so ga deloma ≈°e naseljevali ostanki romaniziranih staroselcev, so se zaƒçeli naseljevati Slovani, ki so na to obmoƒçje prodrli s pomoƒçjo Avarov.&quot; ",UC-BU9cH5KilXgic5if-0YyA,http://www.youtube.com/channel/UC-BU9cH5KilXgic5if-0YyA,0,,
UgyE4cmhX1AsxSYRL9t4AaABAg,0,0,"2013-08-25 20:35:19","Zoran ƒåizmiƒá","Zapadu sm v debato z enim WNB Skinhead,neonacist, whatever, ker ≈°e sam neve kaj toƒçno je... in mi fant hladno reƒçe da smo srbi in hrvati kri≈æanci in da smo kr en narod k obstaja dobrih 16 let in da Slovenci kot narod obstajajo ≈æe 1500 let. Okej fante, Srbe omenja ≈æe Herodot v 5. stoletju pred na≈°im ≈°tetjem, kot Neure in Budine. se pravi cca. 2400 let, ƒçe me matematika ≈°e dr≈æi. Hrvati - po slavenski teoriji pri≈°li na ozemlje sedanje hrva≈°ke, del bih, itd. okoli 6 stoletja. se pravi 1500 let. ",UC-BU9cH5KilXgic5if-0YyA,http://www.youtube.com/channel/UC-BU9cH5KilXgic5if-0YyA,0,,
Ugx9EFNFgtVmfYnrMkt4AaABAg,0,1,"2013-07-25 12:32:19",VoodooJebac95,"odgovor je enak prej≈°nemu ",UCS1Jo2F-I532fSB6nYl92-A,http://www.youtube.com/channel/UCS1Jo2F-I532fSB6nYl92-A,0,,
UgzMTi2LUIR-PfvFv0B4AaABAg,0,21,"2013-07-10 15:19:38",timm009,"EDI PUCER JE CAR I OPET CAR :)) e moj zoki kva te je fajn pojebal",UC2phK9tPs773nJ0xFxqEI9w,http://www.youtube.com/channel/UC2phK9tPs773nJ0xFxqEI9w,0,,
UgxdrqHequX4HHFk-hJ4AaABAg,0,0,"2013-06-21 10:25:57","Slovenijo Slovencem","Slovenci ostajamo 1500 let in niƒç manj ƒçlovek ti si tako neumen da ne loƒçi≈° razlike med narodom in dr≈æavo in ti js povem ƒçe ≈°e nisi nikol sli≈°al oziroma te v ≈°oli niso nauƒçili da narod lahko obstaja ≈æe predn obstaja dr≈æava! ƒçe ≈°e nisi sli≈°al smo imeli 1500 let nazaj tudi svojo dr≈æavo Karantanijo!!! Z ciani pa nehej mlatit slamo kr od avstricou in nemcev imamo slovenci veliko spo≈°tovanje kr jih sam kr neki poznam zato ne govori budale≈°ƒçine!",UCacq5S0EuAEluveHCavqJAw,http://www.youtube.com/channel/UCacq5S0EuAEluveHCavqJAw,0,,
UgxR3vriPrqBEywTe2R4AaABAg,0,0,"2013-06-21 10:19:47","Slovenijo Slovencem","hahaha ti raj poglej kolk bosancov je v slovenijo pri≈°lo slu≈æit kruh potem se pa ogla≈°ej! le zakaj pol bosanci tako rinejo v slovenijo? kr v gnili bosni nimajo za pre≈æivetje,ƒçe pa kirmu kj ne pa≈°e v sloveniji pa naj ≈°e dans pobere svoje stvari pa spizdi nazaj u bosno nobeden ga nebo pogre≈°al!!",UCacq5S0EuAEluveHCavqJAw,http://www.youtube.com/channel/UCacq5S0EuAEluveHCavqJAw,0,,
UgyRQt8xl4Yda9TfcmJ4AaABAg,0,0,"2013-06-16 19:47:26","Ochrowt RS","Politiki so vsi eni kurci na kvadrat. Naj odstopijo vsi pa da dobimo konƒçno neke dobre ko tote stare osle",UCuTVJJBTzzvmuauLXmfR6Uw,http://www.youtube.com/channel/UCuTVJJBTzzvmuauLXmfR6Uw,0,,
UgyoIv5BF9v8_M_xy1Z4AaABAg,0,0,"2013-06-16 09:07:05","Dub Jax","a res misli≈° da bo FB skupina kej pomagala?",UCtNYELKOLaBeEXG5K3CTaJA,http://www.youtube.com/channel/UCtNYELKOLaBeEXG5K3CTaJA,0,,
Ugz1_-jduM_uKgVovF14AaABAg,1,4,"2013-06-16 01:52:25",Relljeb,"2:25 jankovic tri prsta u zrak haha",UCN3MuLTz5sX4lU5Uu96BcIQ,http://www.youtube.com/channel/UCN3MuLTz5sX4lU5Uu96BcIQ,0,,
Ugz1_-jduM_uKgVovF14AaABAg.8GcOpfd_4X-8aFadFIzvD2,,0,"2017-12-17 00:07:43","Booper Dooper","Celeb Drama hahahahahahha",UC64P8zLbDcqx71D2B0e2Xrw,http://www.youtube.com/channel/UC64P8zLbDcqx71D2B0e2Xrw,1,Ugz1_-jduM_uKgVovF14AaABAg,Relljeb
UgwIMsUhObt9v_JOlOx4AaABAg,0,0,"2013-06-12 07:16:49",jest53,"Zoki reƒçe - Hilda in Janez, taka okna imel bom tudi jaz ko bo konec Eurobasketa :-)",UClQQzYmzcClgp7KyZ9blPNA,http://www.youtube.com/channel/UClQQzYmzcClgp7KyZ9blPNA,0,,
Ugw12Et4b1DYoJGZISF4AaABAg,0,0,"2013-06-02 16:10:20",GameHackSpace,"video je rezan in nazaj zmontiran, fake...",UC8Tt1d5Zaivl9s-9Ut3vZwA,http://www.youtube.com/channel/UC8Tt1d5Zaivl9s-9Ut3vZwA,0,,
UgydSa8f5R2HkzWGhH14AaABAg,0,0,"2013-05-19 19:54:29",kristjan505,"Tist k ni kretenoid lahko vid,da je video med govorom Edija in Jankovica velikokrat prekinjen,in vmes ustavljen drug video,da bi kao zgledal, da Edi Jankovica prekinja med govorom.Vse je navadna laz.Lp.",UCwSXwOiBem0fgzvsZTJFiMQ,http://www.youtube.com/channel/UCwSXwOiBem0fgzvsZTJFiMQ,0,,
UgyFxacctJFyX3HmipV4AaABAg,0,1,"2013-05-11 09:39:27",baharayana,"Bravo Edi dobr si ga za≈°il prasca grdega. Jebena udbo-partijska mafija, ukradli in uniƒçili ste vse kar je bilo dobrega v tej dr≈æavi ",UCCBTd1XffxYJs69yuNaPbzA,http://www.youtube.com/channel/UCCBTd1XffxYJs69yuNaPbzA,0,,
UgxYjCkTqxOFClRKpM94AaABAg,0,0,"2013-03-26 20:32:57",420,"in to naj bi bil ti?",UCQIhZIdz5isVoq88YOcuWSw,http://www.youtube.com/channel/UCQIhZIdz5isVoq88YOcuWSw,0,,
UgwdHlsRvbbh5QpN0yx4AaABAg,0,0,"2013-03-26 20:32:24",420,"edi pucer je bedak, ki ne mara jankoviƒça in mu ne pusti niti do besede...",UCQIhZIdz5isVoq88YOcuWSw,http://www.youtube.com/channel/UCQIhZIdz5isVoq88YOcuWSw,0,,
UgzMHuuHm1fQOO6vw7J4AaABAg,0,1,"2013-03-16 11:10:55","Gummy Bear","hahahhahahahahah edi dobr si d si upa≈° :D",UCp9JXbGO0qT5BuWZ4U2S76w,http://www.youtube.com/channel/UCp9JXbGO0qT5BuWZ4U2S76w,0,,
UgyPJCYl1XoX8u_M-pp4AaABAg,0,0,"2013-02-28 13:01:21",abcd,"glej seronja ne se sploh hvalt zneko vojno jebote jansa i jelincic u guzico igral ste se mal neki s puskam tok ste zabiti res da glava boli ze od tega idijot odpri bosanski imenik kerega koli mesta in v vsakem bos najdu 10posto slovencev ki zivijo tam ne bit glup in poglej malo dalje od slovenije edina goveda ste ki imajo probleme s tujci svabi so bolj ljudski od vas itak vas bomo pocas nakrizal da nebo vec cistega slovenca v tvoji ljubi dezeli jebala te ona ",UC_TOrlLtdi0b4Yt-nLR_3kQ,http://www.youtube.com/channel/UC_TOrlLtdi0b4Yt-nLR_3kQ,0,,
Ugwc0X_zlgbhACHvC2p4AaABAg,0,0,"2013-01-18 07:33:13",abcd,"eee moj glupi slovenac prvo slovenijo noben v svetu ne pozna retko kdo ko pa reces jugoslavija pa ceprou je ni vec se jim zacne svitat kje naj bi to bilo drugo nevem kje je bolj gnilo v bosni ali pa kle kurcite nimate pa pojma kako je v bosni ker ocitno nehodis nikamor iz tvoje prelepe dezele kmet neumn sploh neves kok slovencev se je preselil v bosno le zakaj mal imenik poglej bosanske gradiske pa bos vidu kok vas je uslo iz te kokoske ki serje po vam in po nam ti kr lizi guzico jansi ",UC_TOrlLtdi0b4Yt-nLR_3kQ,http://www.youtube.com/channel/UC_TOrlLtdi0b4Yt-nLR_3kQ,0,,
UgykeuzdcqemslD41dd4AaABAg,0,0,"2013-01-18 00:08:28",sLOVEnija1945,"Vstal sem in ploskam tvojemu komentarju! ≈†e posebej zadnji povedi.",UCP_PM3r2Im8e8zgykiFOGxg,http://www.youtube.com/channel/UCP_PM3r2Im8e8zgykiFOGxg,0,,
Ugw_m8k0000iN5XTfnp4AaABAg,0,0,"2013-01-17 19:36:44","slovenijo slovencem","dej ti bosanc tihu bot pa ne govor neki o sloveniji raj pejt na zemljevit sveta u braziliji bosno iskat tisto gnilobo gnilo ≈°e ve≈° ne kdo si pa bo≈° kle nekej o sloveniji govoru ƒçe ti kej nepa≈°e tuki se lahko spel≈° zaradi mene nazaj u bosno ƒçeprou bolje da najde≈° kak≈°no idijansko pleme ti bo bolj pristalo! pa zgorej ko si napisou da jugoslavijo vsak pozna jugoslavije kokr js vem ≈æe kr neki let veƒç ni bosna pa tud ≈°e nism sli≈°ou da bi se v jugoslavijo preimenovala!",UC_aOv-M9vRHv28ypqPGq2fA,http://www.youtube.com/channel/UC_aOv-M9vRHv28ypqPGq2fA,0,,
Ugw4APGHefdpfeWqFcl4AaABAg,0,0,"2013-01-17 19:28:47","slovenijo slovencem","jankoviƒça in Jan≈°ata se neda primerjat in ne metati vseh v isti ko≈° Jan≈°a je z razliko od jankoviƒça naredu vsaj neki v samostojnosti slovenije jankoviƒç je pa naredu to da se je kr neki privatnikou naredilo zaradi njega samomor kr je dnar porabu zase namest da bi za stor≈°ce izplaƒçevou pa to je ≈°e najman kar je nakradel! ",UC_aOv-M9vRHv28ypqPGq2fA,http://www.youtube.com/channel/UC_aOv-M9vRHv28ypqPGq2fA,0,,
UgyITl-DhYD7NNGS7yN4AaABAg,0,0,"2013-01-17 19:25:31","slovenijo slovencem","hahaha ≈°e en ƒçefur se je oglasu! msjustmendno... ko ≈°e ve≈° ne kaj je slovenski narod negovori o sramoti slovenskega naroda edina sramota je da imamo take kot si ti v dr≈æavi in niƒç drugega in zarat takih kot si ti je taka dr≈æava kot je! Slovenijo bodo vodili ljudje slovenskega naroda in prou je da se razkrije take kot je jankoviƒç kr je dovolj nakradeu slovenskega premo≈æenja ",UC_aOv-M9vRHv28ypqPGq2fA,http://www.youtube.com/channel/UC_aOv-M9vRHv28ypqPGq2fA,0,,
Ugw9EnAy9NjJ09MG82V4AaABAg,0,0,"2013-01-11 23:16:03",tomazs2000,"Najveƒçji LOL je, ko primerjajo premo≈æenje Jan≈°e, flet si lahko nabavi vsak mladi par s povpreƒçno redno plaƒço in kreditom in pa Jankoviƒça, ko obraƒça miljone vsak mesec. ≈†e do danes ni dokazal od kje mu toliko para. ƒåe je ≈æe zdaj problem varƒçevanja kaj ≈°ele bo, ƒçe Bruselj prevzame vodstvo. Jan≈°a je prvi, ki se je resno loti re≈°evanja nenormalnega zadol≈æevanja prej≈°nje vlade.",UCY6QsUfMLF_d5l_z4l5EzOg,http://www.youtube.com/channel/UCY6QsUfMLF_d5l_z4l5EzOg,0,,
Ugz7YM3yVwEYo5ICzZN4AaABAg,0,0,"2013-01-10 18:26:24",MsJustmeandnobodyels,"Ja no ƒçe ste se tko na njega spraul bi se blo pa fajn na ostale ane.. Se mi zdi da bi lhka biu Jan≈°a zdei na vrsti? ≈Ωalostno je pa to da se nanga spraulate k je pou srb.. Mislm sramota no... In kai zdei k si slovenc si kei bol≈°i?? LOL .. Sramota za Slovenijo!",UCI1f7-dm55n6sUVCHo37EwQ,http://www.youtube.com/channel/UCI1f7-dm55n6sUVCHo37EwQ,0,,
Ugwcf-3-bEwdVtEzcmF4AaABAg,0,0,"2013-01-08 21:57:47","blue sky","HAHAHAHAHA EVO JANKOVIƒå KONEC JE TABO IN S TVOJIM SRBSKIM BOLJ≈†EVIZMOM, KI DELI SLOVENSKI NAROD!!! NAROD NAJ VSTANE!",UCjXUUbhqJTbewlXJRlxVXTQ,http://www.youtube.com/channel/UCjXUUbhqJTbewlXJRlxVXTQ,0,,
UgwzX-8QX53BT8uRGDV4AaABAg,0,0,"2013-01-01 16:37:23","BORUT KRALJ","Daleƒç najveƒçji lopov v Sloveniji je jesno JankoviƒÜ pa ≈°e Slovenc ni najveƒçji lopovi so pa tko komunisti najveƒçja lopovska banda ki je iz≈°ƒçrpala Slovensko bogastvo pa se jih ne strga ne po medijih niti na sodi≈°ƒçu kjer bi mogl bit obsojeni ƒçeist vsi Jan≈°a je za tega ≈æmigavca gospod . ",UCsrh2UMkm0u1U6RCFDLk_XQ,http://www.youtube.com/channel/UCsrh2UMkm0u1U6RCFDLk_XQ,0,,
UgyMfV4MHQ5IH-Yz5Ut4AaABAg,0,0,"2012-12-31 15:47:05",bekson74,"jaz ga tud nimam rad ampak me nmal moti, ker so vsi njega zaƒçel teptat kak≈°ni lopovi so pa take , najveƒçji ampak daaaaleƒç najveƒçji lopov v na≈°i dr≈æavici je pa predsednik vlade J.J. njega pa NE UPA RAZTRGATI al se mogoƒçe motim...",UCj4xDj4sGwPKHNlA0hdXXiA,http://www.youtube.com/channel/UCj4xDj4sGwPKHNlA0hdXXiA,0,,
UgySe5HK51wybdo9B354AaABAg,0,0,"2012-12-18 17:32:07","MMD Super","Od tega intervjuja naprej Pucer ni veƒç povabljen na pri≈æiganje luƒçk ;P",UCS67Eezv9rmSVmrOpr8XG9A,http://www.youtube.com/channel/UCS67Eezv9rmSVmrOpr8XG9A,0,,
UgyDoxuIKnYOAycmJol4AaABAg,0,0,"2012-12-08 14:46:06","bo≈°tjan redek","banda lopovska",UCst9CpW-YA8JtAAZ9rM5Tww,http://www.youtube.com/channel/UCst9CpW-YA8JtAAZ9rM5Tww,0,,
UgwmHHdhVQOEdABvD0F4AaABAg,0,0,"2012-12-05 19:52:53",abcd,"mesancek to da je v evropski uniji nespremeni dejstva da je slovenija piscancek na zemljevidu in to da so predsedoval prvi let ko so vstopil v unijo nepomeni nic kre takrat je bilo use roznato i lepo danes neznate pa ko bi se lahko izkazal pa nic od vas i vasih politikov vzam nos vn iz te zupe pa se sprjazn da ste obicne ljige ritolizniki 20 let vas fukajo v rit pa se sele zdej kao neki kurcite z mirnimi protesti oni vas pa se kar naprej fukajo in si mislijo kr naj tulijo ovce ker to ste ovceeee",UC_TOrlLtdi0b4Yt-nLR_3kQ,http://www.youtube.com/channel/UC_TOrlLtdi0b4Yt-nLR_3kQ,0,,
UgzrHvhohO8JrenE0sN4AaABAg,0,1,"2012-12-05 12:12:29","BORUT KRALJ","ƒåe Slovenije ne po zna pol sveta kdo Bosno pozna glede nato da je Slovenija v evropski uniji ker vi nebote nikoli Slovenija je bila predcedojoƒça dr≈æava in to odliƒçno opravila tko da ne Bosne primerjat s Slovenijo . Kar se pa zgodovine tiƒçe pa ne kle pamet kazat ker je nima≈° tvoja pamet sega sam do Sarajeva.Kar se pa tiƒçe me≈°ancov ≈æe ve≈° iz kerga plamena si nastov?",UCsrh2UMkm0u1U6RCFDLk_XQ,http://www.youtube.com/channel/UCsrh2UMkm0u1U6RCFDLk_XQ,0,,
Ugxe6clKvps3Qs4q2Jl4AaABAg,0,0,"2012-12-05 07:24:02",abcd,"1000 let pred nami v lizanju guzice in nastavlanju guzice lej bumbar nizozemska neve kje je slovenija se zmeri ko pa reces jugoslavija usak rece jes jes i know tako da vecina ljudi v svetu usa rusija o tokyu da sploh negovorim neve za slovenijo ve pa za jugoooo kjer koli prasas folk neve za vas razni ≈°vabi praujo da ste cigoti lej 2.000000 vas je pa se to pou mesancou in vi obstajate 1500 let ne bit glupppppppp pa glavo vn potegni iz 24 ur pa se kje drugje kej preber",UC_TOrlLtdi0b4Yt-nLR_3kQ,http://www.youtube.com/channel/UC_TOrlLtdi0b4Yt-nLR_3kQ,0,,
UgxmUpA7AIPJ5tbEH5t4AaABAg,0,0,"2012-12-04 19:46:09","BORUT KRALJ","no vi ste cigojnerji za cev svet 20 let je Slovenija samostojna obstaja pa velik veƒç sam teb neizobra≈æeni osbici nemislm zgodovine o Sloveniji razlagat k jo ne razume≈° ne pozna≈° niti zgodovine svojga naroda Slovenci da nebi bli zvami v gnili JUGI bi bli ≈°e deset razredov vi≈°ji narod od vs kje je bosna pa upam da ve≈° Slovenija je 1000 pred vami.",UCsrh2UMkm0u1U6RCFDLk_XQ,http://www.youtube.com/channel/UCsrh2UMkm0u1U6RCFDLk_XQ,0,,
UgzprpIuko39cwyZWox4AaABAg,0,0,"2012-12-04 18:47:08",abcd,"pardon priznani mamicu ti hahahhahah",UC_TOrlLtdi0b4Yt-nLR_3kQ,http://www.youtube.com/channel/UC_TOrlLtdi0b4Yt-nLR_3kQ,0,,
Ugz2w7SWKriUmszrCNB4AaABAg,0,0,"2012-12-04 17:07:43",abcd,"ti pa si glup se vid da ste smeti ostanki kao neki slovani hahahahahaahahaha bumbar slovenija pa slovenci obstajate dobrih 20 let idijot uprasi mtko gdo te je naredu koce drugi nego bosanac ",UC_TOrlLtdi0b4Yt-nLR_3kQ,http://www.youtube.com/channel/UC_TOrlLtdi0b4Yt-nLR_3kQ,0,,
Ugytr1VMWkPhKpyOJzV4AaABAg,0,1,"2012-11-30 11:36:07","BORUT KRALJ","TOO EDI UDARI PO JUGOSU",UCsrh2UMkm0u1U6RCFDLk_XQ,http://www.youtube.com/channel/UCsrh2UMkm0u1U6RCFDLk_XQ,0,,
UgygNxsypQ6dTqhPCVp4AaABAg,0,0,"2012-11-28 07:04:58","≈Ωiga .Erjavec","jah sj ve≈° kako pravjo.. lahko je s tujim k.... po koprivah mahat",UCBmUFuvvSgOZICGmfR3zVUA,http://www.youtube.com/channel/UCBmUFuvvSgOZICGmfR3zVUA,0,,
UgzJ607VXe2prmA36_R4AaABAg,0,0,"2012-11-27 15:35:58","Toma≈æ Kolar","podn od novinarja",UC3DbQzpa64ZJevoFPcW-K-w,http://www.youtube.com/channel/UC3DbQzpa64ZJevoFPcW-K-w,0,,
UgzaoO-cfiJvFxIJp3h4AaABAg,0,0,"2012-11-17 16:08:27",Polenar,"Edi, ti si revƒçek - ne pa car. ",UCFbIxcpk1jAXyyzZxMOD9cw,http://www.youtube.com/channel/UCFbIxcpk1jAXyyzZxMOD9cw,0,,
UgzNSpeyrpVhzNUQeQ14AaABAg,1,0,"2012-11-16 21:18:41",metalstuffbro,"01:58 odgovor je enak prej≈°nemu, de XD",UCdtYcBu75iGCuN6569TiCbQ,http://www.youtube.com/channel/UCdtYcBu75iGCuN6569TiCbQ,0,,
UgzNSpeyrpVhzNUQeQ14AaABAg.8GcVaZ68QAX9-Vlk1OFaOI,,0,"2019-09-30 12:28:52","Mihael Mauric",1:58,UCNupQ9hqH-jRcezS1kx_b6A,http://www.youtube.com/channel/UCNupQ9hqH-jRcezS1kx_b6A,1,UgzNSpeyrpVhzNUQeQ14AaABAg,metalstuffbro
UgwPWCWa2gNom-8vmxh4AaABAg,0,0,"2012-11-15 22:04:14",spelabenc,"ubija :)) ",UCuMVR_OdphjofmpfQ5kuw-A,http://www.youtube.com/channel/UCuMVR_OdphjofmpfQ5kuw-A,0,,
Ugzj48biPWk5kEdz_Gl4AaABAg,0,0,"2012-11-01 21:41:21","Nathan Provinson","Kaj njega dejte Jan≈°o",UC_9knldqouYZcyiZmqesViA,http://www.youtube.com/channel/UC_9knldqouYZcyiZmqesViA,0,,
UgyPfgCmarMVpbO5o7p4AaABAg,0,0,"2012-11-01 08:47:27",abcd,"na tvoji bula sploh neves da ti je fotr bosanc hahaha",UC_TOrlLtdi0b4Yt-nLR_3kQ,http://www.youtube.com/channel/UC_TOrlLtdi0b4Yt-nLR_3kQ,0,,
UgzzLoYTTFcOu8FBiH94AaABAg,0,0,"2012-10-30 11:19:34","BORUT KRALJ","Asi to na svoji mamici sprobu ovƒçar pa≈°alu≈°ki",UCsrh2UMkm0u1U6RCFDLk_XQ,http://www.youtube.com/channel/UCsrh2UMkm0u1U6RCFDLk_XQ,0,,
UgwvVNTxUEWI0Z9Ohth4AaABAg,0,3,"2012-10-29 20:53:29",SurvivalGirl7,"hahaha ƒçe mene kdo vpra≈°a a in jst mu reƒçem b namesto a je to la≈æ hahaha :D ",UCv1lMMxrCFnKxt6V3Bf3g1w,http://www.youtube.com/channel/UCv1lMMxrCFnKxt6V3Bf3g1w,0,,
UgyRaOxFPicQQ1nm50N4AaABAg,0,0,"2012-10-28 22:25:31",abcd,"bosanc ti mtko flika to tud znamo bol ko slovenci ",UC_TOrlLtdi0b4Yt-nLR_3kQ,http://www.youtube.com/channel/UC_TOrlLtdi0b4Yt-nLR_3kQ,0,,
Ugx4o8N9TygdnB9rkP14AaABAg,0,0,"2012-10-23 17:08:12","Filip serec","toooooooooooo edi kodo da je namenjen samo za zabavo in je zmontiran ≈°koda no ",UCxaCEN68qCHbGAGdWDV04WQ,http://www.youtube.com/channel/UCxaCEN68qCHbGAGdWDV04WQ,0,,
Ugy9RjJkkGbQIYNh3g94AaABAg,0,0,"2012-10-22 09:39:01",YXANUBISXY,"povpreƒçen iq njegovih volilcev je ni≈æji od tibetanske lame.",UC29JqQYiQA2UHeozuE2vt4g,http://www.youtube.com/channel/UC29JqQYiQA2UHeozuE2vt4g,0,,
UgzQFgX2CEVWxBN0YeV4AaABAg,0,3,"2012-10-15 12:28:25","BORUT KRALJ","Bosanc pej raj≈° ceste flikat za kej druzga tko niste bravo Pucar",UCsrh2UMkm0u1U6RCFDLk_XQ,http://www.youtube.com/channel/UCsrh2UMkm0u1U6RCFDLk_XQ,0,,
UgxiC7TB5oS3y4E-15B4AaABAg,0,1,"2012-10-10 13:49:09","Matej Kavƒçnik","Edi prou car",UChAnipgf7oj13KUbuypY1cw,http://www.youtube.com/channel/UChAnipgf7oj13KUbuypY1cw,0,,
Ugw0C7KbpaSLssAgSWN4AaABAg,0,0,"2012-09-30 19:34:09","Medin Kiƒçin","ƒçe je vedno prazn al igrala olimpija al reprezentanca al pa golobi serejo ",UCxKNkOAKs0Neff24ZzqFENw,http://www.youtube.com/channel/UCxKNkOAKs0Neff24ZzqFENw,0,,
UgzzCVjF6KXid6Q1B2t4AaABAg,0,2,"2012-09-26 17:30:09",undercovernumber3,"Bravo voditelj? Mogoƒçe bi bilo vljudno ƒçe bi Jankoviƒçu pustil do besede? :D",UCqV2tniez2HE1St0iuqGzYw,http://www.youtube.com/channel/UCqV2tniez2HE1St0iuqGzYw,0,,
Ugwp5aOyY4QGm45QIXl4AaABAg,0,0,"2012-09-22 18:16:22","Tone ƒåebular","odgovor je enak prje≈°njemu, ne ",UC97C3SAtA81whVKKMGzKIHg,http://www.youtube.com/channel/UC97C3SAtA81whVKKMGzKIHg,0,,
UgwLrwsfFCcrHb1_4E94AaABAg,0,0,"2012-09-22 18:14:57",DoubleD,"edi car :D",UCwj37QLucDW0re408uGDTsQ,http://www.youtube.com/channel/UCwj37QLucDW0re408uGDTsQ,0,,
UgxO6rjl0yVzNG_NcsB4AaABAg,0,0,"2012-09-20 16:19:39","ShineTV Slovenia","zaka ≈æe?",UC6MHC2aPHSae4ErIKr5WHFg,http://www.youtube.com/channel/UC6MHC2aPHSae4ErIKr5WHFg,0,,
UgxHj8sTEOr-1zhNQip4AaABAg,0,0,"2012-09-20 16:19:26","ShineTV Slovenia","dober Maribora ni glih treba ≈æalit Jankoviƒça pa kr - prosto dovoljenje :D",UC6MHC2aPHSae4ErIKr5WHFg,http://www.youtube.com/channel/UC6MHC2aPHSae4ErIKr5WHFg,0,,
UgzZpPPP6MSWFNwvP-54AaABAg,0,3,"2012-09-20 16:18:22","ShineTV Slovenia","TO EDI PUCER::: LEGENDA!! UpAm Da Bo LaHkA ≈°E JaN≈°O kDaJ tK PRE***U!! :D",UC6MHC2aPHSae4ErIKr5WHFg,http://www.youtube.com/channel/UC6MHC2aPHSae4ErIKr5WHFg,0,,
UgwedDCOMP6UIGfMsO54AaABAg,0,0,"2012-09-20 14:53:37","toyoz xaa","Kak≈°en jezik naj bi bil to idiot nepismeni! Zato ker mi ne vemo, kaj je dobro za na≈°o dr≈æavo je pri nas povpreƒçna plaƒça 1100‚Ç¨, v bosni pa 350‚Ç¨?? ƒåe ti kaj ne pa≈°e odjebi iz Slovenije meje so odprte, eden idiot manj na sociali.",UC8RH4g-7bOp4dM7Jyl7f8FA,http://www.youtube.com/channel/UC8RH4g-7bOp4dM7Jyl7f8FA,0,,
UgyNHQWPxwIkL663GPd4AaABAg,0,0,"2012-09-13 09:25:31","Avto MB doo","Edi Pucer je naredil bedaka is sebe!",UCGBAjFKjxx1t30RxKclnvCg,http://www.youtube.com/channel/UCGBAjFKjxx1t30RxKclnvCg,0,,
Ugw1PR99GZARukPwDfN4AaABAg,0,0,"2012-09-09 08:09:15",abcd,"ajde ne jest drek lizeti vi guzico usm po vrsti sam to znat ste pa preneumni da bi vidl gdo je dobr za drzavo kdo ne",UC_TOrlLtdi0b4Yt-nLR_3kQ,http://www.youtube.com/channel/UC_TOrlLtdi0b4Yt-nLR_3kQ,0,,
UgzwI1JW-HrJbGL-69l4AaABAg,1,0,"2012-09-08 14:01:05","Jan Sicherl","me zanima zakaj jan≈°o kej tazga ne upra≈°ajo ;) sej usi vemo zakaj je jan≈°a imun na take stvari...",UClCps3BfASv2HvNwawIx3pA,http://www.youtube.com/channel/UClCps3BfASv2HvNwawIx3pA,0,,
UgzwI1JW-HrJbGL-69l4AaABAg.8Gc7UTFT_YX92bktyMngyH,,0,"2019-12-16 19:10:21",TheSlovenca,"A res... Jan≈°a je javno predstavil svoje premo≈æenje.",UCxpOMXcN_FU-2d-cO5Se8Mg,http://www.youtube.com/channel/UCxpOMXcN_FU-2d-cO5Se8Mg,1,UgzwI1JW-HrJbGL-69l4AaABAg,"Jan Sicherl"
UgzazxvezuDorZBkGTl4AaABAg,0,0,"2012-09-05 09:46:58","Niki Remec","pa kaj je s tabo???a ne vidi≈° da je rezan posnetek??? ",UCFjDxSWfySkTKPOMRUKpFtQ,http://www.youtube.com/channel/UCFjDxSWfySkTKPOMRUKpFtQ,0,,
UgydocRUHUhGBqXSIep4AaABAg,0,0,"2012-09-05 09:39:59","Niki Remec","ha,ha,ha...krepavam od smeha ",UCFjDxSWfySkTKPOMRUKpFtQ,http://www.youtube.com/channel/UCFjDxSWfySkTKPOMRUKpFtQ,0,,
UgxFqqGc14wQDIWzwKN4AaABAg,0,1,"2012-09-04 14:10:37",zbljk,"Pucer pa res ne mara Jankoviƒça... ",UCC6L2L9H4pAbwiGyb8zH9sQ,http://www.youtube.com/channel/UCC6L2L9H4pAbwiGyb8zH9sQ,0,,
UgxBJbi0Gvb8iMTpga14AaABAg,0,0,"2012-09-03 22:45:26","toyoz xaa","jankovic je najvecji lopov med vsemi. Ne branim jansata on je tut, sam vseeno jankovic je vrh med lopovi pri nas, govno smrdljivo...",UC8RH4g-7bOp4dM7Jyl7f8FA,http://www.youtube.com/channel/UC8RH4g-7bOp4dM7Jyl7f8FA,0,,
Ugz2jlcKwFC6NB9broR4AaABAg,0,0,"2012-08-25 15:35:02",widM,"sej ga je pustu, sam video je zrezan ƒçe nis opazu",UCf7meHRYwa7B8C7AxLTSjlw,http://www.youtube.com/channel/UCf7meHRYwa7B8C7AxLTSjlw,0,,
UgybzcNnfwBQtC96KYd4AaABAg,0,0,"2012-08-13 17:12:27",vojakM,"smrduh,pol pa ga ≈°e volite vsi ja,&quot;JANKOVIƒå JE NAREDO STO≈ΩIƒåE,seveda bo tudi kaj druga za slovenijo&quot; so mnenja veƒçina slovencev..A NOBEN PA NEVE DA JE Z TEMI SMRDLIVIMI STO≈ΩICAMI ZAPUFAL CELO SLOVENIJI ZA NADALNIH 10,20 LET. Edini jankoviƒç je hoto poveƒçat davke,zakaj le?? bravo ≈°upki volite ≈°e ga drugo leto.",UC0HL_8u9_Ucgk8MTBf5Wj9A,http://www.youtube.com/channel/UC0HL_8u9_Ucgk8MTBf5Wj9A,0,,
UgyH3JKj4YRX5U7MX3B4AaABAg,0,0,"2012-08-08 09:52:00",YXANUBISXY,"Ni mi jasno kdo je tega Srba volu. Njegovi volilci pravijo, ker je naredu ≈°tadion. Ja ful fajn, s tujim tiƒçem po koprivat mahat je fajn. Kdo bo pa plaƒçal puf Ljubljane, ki je v njegovem ≈æupanovanju narastel iz 61mio ‚Ç¨ na 216mio ‚Ç¨, in se zaradi tega plaƒçuje 13 mio‚Ç¨ letno samo za OBRESTI! Volilci Jankoviƒáa so manj izobra≈æeni kot krave na Veliki Planini!",UC29JqQYiQA2UHeozuE2vt4g,http://www.youtube.com/channel/UC29JqQYiQA2UHeozuE2vt4g,0,,
UgxuoXRI7EZ6YEdj9yF4AaABAg,0,0,"2012-08-07 11:34:25",akolacioonee,"resnica boli ? :)",UCKsv1hO8Po_BTeg5Dpn6t3A,http://www.youtube.com/channel/UCKsv1hO8Po_BTeg5Dpn6t3A,0,,
UgyHwdAg8HC5T3SHYkV4AaABAg,0,0,"2012-08-07 11:33:36",akolacioonee,"stadion je narejen .. kdo pa hodi na tekme ? :D",UCKsv1hO8Po_BTeg5Dpn6t3A,http://www.youtube.com/channel/UCKsv1hO8Po_BTeg5Dpn6t3A,0,,
Ugyt0JNPdQNNr4CKuoZ4AaABAg,0,0,"2012-08-05 16:40:54",thatdudewithfood,"kok ga je uboooooooooooooou hahaha",UCB4lKRBpASnPZ5It1xjnBTg,http://www.youtube.com/channel/UCB4lKRBpASnPZ5It1xjnBTg,0,,
UgwQ_bzWVQMzsUSiYrh4AaABAg,0,0,"2012-07-27 08:43:13",GAINER,"In potem je dobil 28% glasov.La≈æe kot pes teƒçe.Pucer car hehe",UCEjZ0RUXMNfWIN88vM2kC6g,http://www.youtube.com/channel/UCEjZ0RUXMNfWIN88vM2kC6g,0,,
UgzRJjyWQ9EAg2f4A_J4AaABAg,0,0,"2012-07-11 17:28:54",kr3mn1,"ne, ≈æabarji ste bedaki. ",UCs5J5goi66oAdj1Ogv79_VQ,http://www.youtube.com/channel/UCs5J5goi66oAdj1Ogv79_VQ,0,,
Ugy0GqHM2KjRZCBOGmd4AaABAg,0,0,"2012-07-08 23:43:23",komasinjesta,"Ta Pucer pa je teƒçn.. Zoki se ≈°e zlagt se ne more! Sj ƒçe bi ga pustu da se zagovarja, pa bi ga pol obrnu bi biu ƒçist KO ;)",UCA_hTkgmCeqHnUpzp4lKnuQ,http://www.youtube.com/channel/UCA_hTkgmCeqHnUpzp4lKnuQ,0,,
Ugz6Hq74a89aqh3Jei14AaABAg,0,0,"2012-07-04 18:10:30","Teo Comelli","se spra≈°ujem,so ljubljanƒçani res tabi bedaki.... ",UCKQmk7GdcF9DhShbxlqJHGA,http://www.youtube.com/channel/UCKQmk7GdcF9DhShbxlqJHGA,0,,
UgxtYCOt58ks1YvkZ414AaABAg,0,2,"2012-06-29 11:10:01",TheHell666yeah,EPIC!,UCMwxZ7t5y7z4D9uRB5rsyGQ,http://www.youtube.com/channel/UCMwxZ7t5y7z4D9uRB5rsyGQ,0,,
UgzvwvYLw1cTj_npQvN4AaABAg,0,0,"2012-06-29 08:44:01","Peter Bala≈æek","Ti si pa manjkal pri urah slovenskega jezika. Predvsem pri snovi &quot;samoglasniki&quot;. No mogoƒçe pa ti manjkajo tipke &quot;a&quot;,&quot;e&quot;,&quot;i&quot;,&quot;o&quot;,&quot;u&quot;",UCc2W_0Sm2fdiUdEVKHl9wCg,http://www.youtube.com/channel/UCc2W_0Sm2fdiUdEVKHl9wCg,0,,
Ugzng1ovpG7ZXJsDvvl4AaABAg,0,1,"2012-06-28 20:20:22",MoneyGrowsOnTrees,"bravo voditelj!!!",UCe53nqGjI-5ZW9rPmgTafrw,http://www.youtube.com/channel/UCe53nqGjI-5ZW9rPmgTafrw,0,,
Ugw5HG6G9IkxxcmdENh4AaABAg,0,0,"2012-06-25 09:40:12","Damjan Kosi","Tako se govori:):):):)",UCnorNZWjSydQxcdH39C-9uQ,http://www.youtube.com/channel/UCnorNZWjSydQxcdH39C-9uQ,0,,
Ugz2cE-kJbe-R0rznlt4AaABAg,0,0,"2012-06-21 14:29:35","Milan Aleksiƒá","yes yes :) come and call me!",UCLoxmUgMVQf2mMjK3yFogjA,http://www.youtube.com/channel/UCLoxmUgMVQf2mMjK3yFogjA,0,,
UgxTYA1e1ZQ1Lh0hv1Z4AaABAg,0,0,"2012-06-20 19:38:56","Milan Aleksiƒá","come in mb and i wil explane you :D",UCLoxmUgMVQf2mMjK3yFogjA,http://www.youtube.com/channel/UCLoxmUgMVQf2mMjK3yFogjA,0,,
UgyqpU7q4i1hzqoEI9B4AaABAg,0,0,"2012-06-19 20:12:35","Milan Aleksiƒá","haha! meni niso, jaz sme pravoslavac, vam pa so! malo poglejte zgodovino in poreklo va≈°ih prednikov :) bog ve, kateri mustafa ej tvoj ata :) ≈æiva sramota!",UCLoxmUgMVQf2mMjK3yFogjA,http://www.youtube.com/channel/UCLoxmUgMVQf2mMjK3yFogjA,0,,
UgyLVv5QevOUAc1kw-54AaABAg,1,0,"2012-06-17 12:37:21","David Majcen","Ah Slovenƒçki smo paƒç neumne ovce. Sramota, da se pustimo nategovat Zokiju in raznim jugo namje≈°talkam.",UCVyv8Sw1W95JzGrzVsXDI0Q,http://www.youtube.com/channel/UCVyv8Sw1W95JzGrzVsXDI0Q,0,,
UgyLVv5QevOUAc1kw-54AaABAg.8Gce2LD2lsl92bluaGAl5v,,0,"2019-12-16 19:19:10",TheSlovenca,"Res misli≈°, da je to stvar Slovencev? Zoki uspeva zaradi svojih bratov in sester, ker on ""je njihov"". Seveda pa se najde tudi kak na≈° bedak, oku≈æen s kulturo nategovanja",UCxpOMXcN_FU-2d-cO5Se8Mg,http://www.youtube.com/channel/UCxpOMXcN_FU-2d-cO5Se8Mg,1,UgyLVv5QevOUAc1kw-54AaABAg,"David Majcen"
UgxhfKfIORlXDiSbKRl4AaABAg,0,0,"2012-06-08 08:01:05","Rok ≈Ωvab","Video je skraj≈°an, zato zgleda da mu Pucer skaƒçe v besedo...",UCk5pUunVsQ-k2XMEjPTQ5vQ,http://www.youtube.com/channel/UCk5pUunVsQ-k2XMEjPTQ5vQ,0,,
UgxSN4Yrv4p6Pa1ZEvV4AaABAg,0,0,"2012-06-07 07:35:23","Matic Kr≈æi≈°nik","oprosti ker ti morem tko reƒçt...ampak ti si bult...govori≈° drugim da niso razgledni, ƒçe bi bil ti dejansko razgleden bi vedu da ni zoran jankoviƒá tisti ki je podjetje pripeljal do steƒçaja...tako da lepo te prosim preber si vsaj k≈°no reƒç...sicer pa nisi tukej izjema....eni zagovarjajo eno stran drugi drugi...vsi bolj ali manj iz neutemeljenih razlogov...",UCd12742hMQKt5j0cvtx9MSQ,http://www.youtube.com/channel/UCd12742hMQKt5j0cvtx9MSQ,0,,
UgxKf_wAs-YlZ3eGSNF4AaABAg,0,0,"2012-06-04 12:39:04",TheBlackMail,"Edi ti si bedak! Pa nisem zagovornik Jankoviƒça ampak lepo te prosim malo osnovne kulture in pusti ƒçloveku do besede ne pa, da si sam odgovarja≈° na vpra≈°anja.",UCEKIuFIzW3NBbahuDSdvsWQ,http://www.youtube.com/channel/UCEKIuFIzW3NBbahuDSdvsWQ,0,,
UgxWu2ua5vNUP_tszBZ4AaABAg,0,0,"2012-06-04 12:01:24",Andra≈æ,":D bravo.. jaz bi tud vedo kaj morm reƒçt ƒçe bi mi dali ƒçasopis v roke in besede v usta",UCKTcVYjhVM8hJ_nV47ALzLw,http://www.youtube.com/channel/UCKTcVYjhVM8hJ_nV47ALzLw,0,,
UgyVXsW1--UpDZSqLj94AaABAg,0,0,"2012-05-24 20:21:26",CombatLighteningTV,"si pa razgledano bitje.. Uƒçitno zorana pozna≈° le iz njegove predvolilne kampanije. V sloveniji je bilo eno manj≈°o podjetje, ki je slovelo po balkanu ≈°e posebej na hrva≈°kem, morda si ≈æe kdaj sli≈°al zanj, imenuje se Merkator. Zoran Jankoviƒç je bil tisti tajkun, ki je podjetje spravil do steƒçaja.. Prosim ne komentiraj ƒçe neve≈° o ƒçem govori≈°.. preprosto izpade≈° butasto.",UCzfQndql-LraF0MuXQApkrg,http://www.youtube.com/channel/UCzfQndql-LraF0MuXQApkrg,0,,
UgxEyNAMTbPV6lmCCzR4AaABAg,0,0,"2012-05-23 00:50:42","Tadej P.","Super si povedu stari! :/ Samo problem je k ≈°e sam ne ve≈° kaj si povedu. Mislim razen provociranja ni v tvojem postu niƒçesar, nobenih argumentov itd. Jasno je samo da oƒçitno brani≈° Zokija. Aja in btw., ƒçe realno pogledamo, so tvoji roƒëaki dol v veliko veƒçji &quot;nevarnosti&quot; pred ≈°iptarji kakor mi. Sej itak jih je Albancev ≈æe veƒç po prebivalstvu, zdej bojo pa kmalu imel ≈°e veƒç ozemlja. Tako da...",UCO1sXynx_OWt-EAKVaEp8OA,http://www.youtube.com/channel/UCO1sXynx_OWt-EAKVaEp8OA,0,,
Ugyx0d65eOsL4DkMh3Z4AaABAg,0,0,"2012-04-23 19:07:43",smallpotatoes989,"neki sem se nauƒçu....l(mogoƒçe prviƒç...i)!!! vse je v dru≈æini...it was said more thna 50 years ago!....hahahahahahahahahahhaha! ",UCU-vD4g4sA02u0lW1F3O_Yg,http://www.youtube.com/channel/UCU-vD4g4sA02u0lW1F3O_Yg,0,,
UgxA4_qP9G28a0RuJBB4AaABAg,0,0,"2012-04-23 18:59:42",smallpotatoes989,"Zoki je bog...groma......",UCU-vD4g4sA02u0lW1F3O_Yg,http://www.youtube.com/channel/UCU-vD4g4sA02u0lW1F3O_Yg,0,,
UgxhgH--aqE8ayYlyst4AaABAg,0,0,"2012-04-16 19:10:16","A B","dobr ga je pofuko :D",UC5qt7-YGeKOXrH1NKnI-Lxw,http://www.youtube.com/channel/UC5qt7-YGeKOXrH1NKnI-Lxw,0,,
Ugx5gMsMSv1-FbzbQ414AaABAg,0,0,"2012-04-05 11:40:34","Ivo Vardiƒá","Jankoviƒç je za ovog ≈°upka jedan veliki gospodin...",UCM6P0XDRUq4UKNJwuHjQrTQ,http://www.youtube.com/channel/UCM6P0XDRUq4UKNJwuHjQrTQ,0,,
UgzotfPUVuuI9zKiU0B4AaABAg,0,1,"2012-04-01 14:30:49",sipocar,"bravo edi....tak naprej ",UCcUs0yeBJoz32Fn8K5czQHA,http://www.youtube.com/channel/UCcUs0yeBJoz32Fn8K5czQHA,0,,
UgxA3ccM0woHeR6YMX94AaABAg,0,0,"2012-03-30 17:47:24","mitja gabriel","Mislim, in kaj ste s to monta≈æo hoteli povedati, da se je &quot;kreator&quot; uƒçil pinnacle, pa se ni niƒç nauƒçil. A ni ≈°koda ƒçasa in prostora, Jankoviƒç je za vas gospod in to sposoben gospod.",UCztpf-Hh-nmpPcsp7lgySoQ,http://www.youtube.com/channel/UCztpf-Hh-nmpPcsp7lgySoQ,0,,
UgxF5KNuPfuHKNFj7Rp4AaABAg,0,0,"2012-03-30 15:35:57",CombatLighteningTV,"saj je ƒçakal na odgvor, video posnetek je rezan, kar je zelo lahko rabrati, torej po tvoj komentarju sodeƒç se bi tudi ti moral nauƒçit bontona, saj sodi≈° stvari ki jih ne razume≈° ali nezna≈° razbrat.",UCzfQndql-LraF0MuXQApkrg,http://www.youtube.com/channel/UCzfQndql-LraF0MuXQApkrg,0,,
UgzXgmk4V3O4BMtM6uF4AaABAg,0,0,"2012-03-25 20:48:44",Brckano,"Raztrgal????? Ne bo ≈°lo Jan≈°evci . . . .",UCH0XP-FG2HL2WrM36eRh6dg,http://www.youtube.com/channel/UCH0XP-FG2HL2WrM36eRh6dg,0,,
UgwFmedz-KU0aSMRg854AaABAg,0,2,"2012-03-25 17:42:56",igla688,"model vsi kradejo tud zoki na ≈æalost ni po≈°ten ...ne zatiskaj si oƒçi ;)",UCqI2xC6r6MeZGytia9Dc6vA,http://www.youtube.com/channel/UCqI2xC6r6MeZGytia9Dc6vA,0,,
UgxMskKQJm0vC1Yp7kB4AaABAg,0,0,"2012-03-25 10:12:34",tjasa79fyi,"Jaz bi pa rada videla tega &quot;vrlega&quot; in sklepam da objektivno nepristranskega, kako je vƒçeraj na 24ur kimal Jan≈°i, ki mu ni odgovoril na nobeno vpra≈°anje... ",UCeVaLHG6furog5IL2MKOP2A,http://www.youtube.com/channel/UCeVaLHG6furog5IL2MKOP2A,0,,
UgwqQ5qkbFKfEeCOqw54AaABAg,0,1,"2012-03-15 15:57:17",TaDej,"haha pucer me spominja na kriminalista :D",UCJu8XK7J_He1SE3h-DAGWfA,http://www.youtube.com/channel/UCJu8XK7J_He1SE3h-DAGWfA,0,,
Ugz_7_Jb3YD0FxOqacp4AaABAg,0,0,"2012-03-14 16:13:20","Edko Sabko","@MateSLO1 te spo≈°tujem da nisi za Jankoviƒáa ampak ma≈° pa ƒáist totalno prou ;;:DDD",UCu8akdvXfgG0k-wSlvYdstg,http://www.youtube.com/channel/UCu8akdvXfgG0k-wSlvYdstg,0,,
UgwIV-bmGsnM4KCM5Pp4AaABAg,0,0,"2012-03-14 16:12:18","Edko Sabko","joj dej tih bodte vi k ste za tistga glupga ple≈°kota (Janeza Jan≈°o) mal poglejte kwa je use Jankoviƒá naredu z ljubljano",UCu8akdvXfgG0k-wSlvYdstg,http://www.youtube.com/channel/UCu8akdvXfgG0k-wSlvYdstg,0,,
Ugw9Km0AuxMBg6VEoGF4AaABAg,1,5,"2012-03-13 23:16:00","Matej Tratnik","Haha. Edi Pucer se naj prvo osnovnega bontona nauƒçi, potem pa se naj gre pred kamero igrat sodnika. Takoj ko je Jankoviƒç hotel odgovorit na njegovo vpra≈°anje ga Edi prekine z novim vpra≈°anjem in potem enako dokler na koncu ne izvemo ƒçisto niƒç konkretnega ... pa nisem na Jankoviƒçevi strani, da me ne bo kdo obto≈æil zagovarnjanja. Ampak, ƒçe spra≈°uje≈° ostale ljudi neka vpra≈°anja, potem jim pusti, da nanje tudi odgovorijo.",UCfby8GE-uTsWZmSZMP53ZKQ,http://www.youtube.com/channel/UCfby8GE-uTsWZmSZMP53ZKQ,0,,
Ugw9Km0AuxMBg6VEoGF4AaABAg.8GcQokU00UR9VS6Y-bScto,,1,"2021-12-02 11:06:58","Husnija Spahic","Gola resnica. Lp",UCukBvSCmxnvpw-PHO0uiiYw,http://www.youtube.com/channel/UCukBvSCmxnvpw-PHO0uiiYw,1,Ugw9Km0AuxMBg6VEoGF4AaABAg,"Matej Tratnik"
Ugyie0HtlZwKrnM2tU14AaABAg,0,0,"2012-03-13 20:23:38",celpabedn,"Sigurno da ima Pucer prav glede nepravilnega odgovora samo ne verjamem da bi se tako obna≈°al do kakega ƒçistokrvnega Slovenca, vpra≈°anje ne sodi med kriviƒçna dejanja, kveƒçjem neumni in nespodobni la≈æi, hoƒçe pa iz njega s tem narediti nemoralno osebo. ",UCS_v6ByG0kGbj-ZST9MvAww,http://www.youtube.com/channel/UCS_v6ByG0kGbj-ZST9MvAww,0,,
Ugxf61ACMURLMSVD1754AaABAg,0,0,"2012-03-05 15:53:25",lord6,":D zoki xD",UC6hhfQwfoBhpWNTNXeEqW5A,http://www.youtube.com/channel/UC6hhfQwfoBhpWNTNXeEqW5A,0,,
UgyQpW9bjYxwiXWhzMZ4AaABAg,0,1,"2012-02-27 09:53:53",domn28,"hahaaha edi car ufuru se :D",UCPmJU8hW-CTlF122CdWD2Yw,http://www.youtube.com/channel/UCPmJU8hW-CTlF122CdWD2Yw,0,,
UgyOdoso-AGFGE_CiS94AaABAg,0,0,"2012-02-25 10:18:17","Agarthi D.","Bogi Edi je napadalen. Eno la≈æ je dobil pa ga hoƒçe raztrgat. Fant Edi, si super samo to kar se vi ukvarjate je kaplja v morje. To ≈æe imajo to me ne boli, boli pa me ko pa direktorji spravijo firmo v steƒçaj pa za niƒç ne odgovarjajo ZA TO SE RAJE BORITE, da se to nebo dogajalo. In da bo taki pri≈°el pred roko pravice. Ves Slovenski ponos &quot;firme&quot; so spravili v bankrot ali pa prodali. ",UCzpjfnW2RJrpgP_SDIRp6Kg,http://www.youtube.com/channel/UCzpjfnW2RJrpgP_SDIRp6Kg,0,,
Ugwpm3ujAEFU4CzfeH54AaABAg,0,1,"2012-02-23 14:03:46","Matic Zrim≈°ek","edi je car ",UChAbsUsxMb4ZwzUy4NI3M6w,http://www.youtube.com/channel/UChAbsUsxMb4ZwzUy4NI3M6w,0,,
UgzpNBNU1GcfuraYz254AaABAg,0,1,"2012-02-23 09:25:11",ToReZz,"TOOOO edi dej ga :) razkrinku si ga prov si naredu !!!!!!!! :)",UCPQovrON9rYauwidSXvkhAw,http://www.youtube.com/channel/UCPQovrON9rYauwidSXvkhAw,0,,
Ugwtr2IUaxEkF-IFx054AaABAg,0,0,"2012-02-22 15:13:19",5ra46,"dr≈æmo se dejstev... ",UCwIXbt_GvPqy5YQgwq0AHGQ,http://www.youtube.com/channel/UCwIXbt_GvPqy5YQgwq0AHGQ,0,,
UgyTMXCqKhjFeXUXmnh4AaABAg,0,0,"2012-02-16 11:50:50","Flash Light","Jankoviƒç si je naredil 82 la≈ænih youtube raƒçunov.",UCXXHRfZT7Szbx6F9B9_P9eA,http://www.youtube.com/channel/UCXXHRfZT7Szbx6F9B9_P9eA,0,,
UgxJy-m5Mp4A4sd5WYZ4AaABAg,0,31,"2012-02-16 00:09:28","Flash Light","Kako sem lahko zamudil to?! Edi Pucer je legenda. :) Bravo, tak se dela s tajkuni! Jankoviƒç se oƒçitno ne poslu≈°a kaj govori ...",UCXXHRfZT7Szbx6F9B9_P9eA,http://www.youtube.com/channel/UCXXHRfZT7Szbx6F9B9_P9eA,0,,
Ugxj9A-_mGzEE-rGM6V4AaABAg,0,1,"2012-02-15 08:51:01","Gasper Verdev","EDIIII, caar! ",UCRcygWgE1mLbmk-8PoK1vcQ,http://www.youtube.com/channel/UCRcygWgE1mLbmk-8PoK1vcQ,0,,
UgyIY0wmUb7TpgF0cLp4AaABAg,0,0,"2012-02-14 19:14:52","Matei kempinski","Sramota Ljubljanƒçanom k ste ga zvolili pou slovenije ga ni hotlo vam pa je sto≈æice naredil ,,pa ste mu u rit zlezl ,pa ≈°e ena sramota sploh ni ƒçist sloven in ga volite ,,,budale ene ,,zdej pa mate predsednika k vas bo sjebal da neboste mel nit centa konc mesca v denarnici ",UCzG40nG9NpcoOj8q0T_phPg,http://www.youtube.com/channel/UCzG40nG9NpcoOj8q0T_phPg,0,,
UgzAIrei-JeJ5FnOgex4AaABAg,0,0,"2012-02-14 17:39:19",Marjana,"Sramota za Slovenijo!! Na kak≈°en nivo so se spustili nas≈°i novinarji. Noƒçem in ne mislim se politicno opredeljevati vendar tak naƒçim vodenja ni sprejemljiv nikjer :/ da voditelj vodi in sam odgovarja na vpra≈°anja ter prekinja gosta :((( sramotno!!",UCf6VG-9GUb7-CjHEn4vtvVw,http://www.youtube.com/channel/UCf6VG-9GUb7-CjHEn4vtvVw,0,,
UgzgTwPqZN7J8RFZNut4AaABAg,0,0,"2012-02-12 14:23:11",YXANUBISXY,"Zoki naj gre od koder je pri≈°el, s sabo naj vzame ≈°e Kuƒçana ter Stanovnika in Slovenija naj ta dan proglasi za dr≈æavni praznik!",UC29JqQYiQA2UHeozuE2vt4g,http://www.youtube.com/channel/UC29JqQYiQA2UHeozuE2vt4g,0,,
UgzHcyz7XbneNZiTHxB4AaABAg,0,0,"2012-02-12 00:40:26",struckar86,"@amaister93 haha Ljubljano zapufal? Ja kako se pa naredi kaj? Brez denarja? ≈Ωal to ne gre, niti nikoli ni ≈°lo. Nelegalni posli? ≈Ωal ≈æivimo v svetu, kjer je vse legalno in stvari poƒçnejo eni in drugi. strokovnjaki po evropi so si lahko pa enotni samo v tem, da si niso enotni.pa btw za ceno sto≈æic komot zgradi≈° 5 stadionov. sto≈æice namreƒç vsebujejo stadion (16.000gled.), areno (12.000gled.), malo dvorano (1500gled.) okoli 9000parkingov, park, nakupovalni center, ter muzej ≈°porta...",UC8ZmOSIj37xKJyUHTlplIhw,http://www.youtube.com/channel/UC8ZmOSIj37xKJyUHTlplIhw,0,,
Ugztj-SX-3GwEBqznCN4AaABAg,0,0,"2012-02-11 19:27:40","Nada Rajar","ja, koraj≈æen je bil Edi. Hoƒçm reƒç, da ma Edi jajca.",UCtjxaF_PCVJJKHQF3JqN61Q,http://www.youtube.com/channel/UCtjxaF_PCVJJKHQF3JqN61Q,0,,
UgxTcfiCrn360BchFnJ4AaABAg,0,0,"2012-02-11 11:24:40",MrZazhy,"kako ve≈° da ma jankoviƒç 79 raƒçunov na youtubu? ",UCWLsd9SUjrhOg8fIxhequEw,http://www.youtube.com/channel/UCWLsd9SUjrhOg8fIxhequEw,0,,
Ugw6CIdjUPi67VGrHcF4AaABAg,0,0,"2012-02-10 21:55:08",SuppahGranny,"Odgovor je enak prej≈°njemu nje",UCVSQepKpC1Q8K1LfzUFKPZw,http://www.youtube.com/channel/UCVSQepKpC1Q8K1LfzUFKPZw,0,,
UgwewXrqSC5clEPUJ054AaABAg,0,4,"2012-02-10 14:30:26",12francii,"Edi legenda!!!",UCzP1G1wHOpx472Os11SaENQ,http://www.youtube.com/channel/UCzP1G1wHOpx472Os11SaENQ,0,,
UgwThv_q5jBpqQ30qxJ4AaABAg,0,1,"2012-02-10 11:19:08","grega preseren","bravo edi.",UCypcQUilYZe5eM6WtArdKcw,http://www.youtube.com/channel/UCypcQUilYZe5eM6WtArdKcw,0,,
Ugz39CUPxpFwI-C6yvZ4AaABAg,0,0,"2012-02-10 09:34:37",kleinek86,"eh pucer.. kaj ga je raztrgo.. ƒçe mu ni pusto niti ogovorit. kr svoje je teƒçnaro. brezveze",UCb8rLqmVc8mC3bhWiC75UTQ,http://www.youtube.com/channel/UCb8rLqmVc8mC3bhWiC75UTQ,0,,
Ugwfi6yAl2CiRCM58QB4AaABAg,0,4,"2012-02-08 02:21:18",smallpotatoes989,"zoki zna tolk dobr za≈°pilat ≈ærtev, da je knce, in masa vedno potegne z ≈ærtvijo, bolje reƒçeno jo ima rada, zato ima on vse slavo, moƒç in ≈°e priljubljenost.to je skrivnost njegove ƒçustvene propagande, sam veƒçina ljudi je premal ozavedenih, da bi vidla to",UCU-vD4g4sA02u0lW1F3O_Yg,http://www.youtube.com/channel/UCU-vD4g4sA02u0lW1F3O_Yg,0,,
UgxMaleT7EMVOmjwret4AaABAg,1,0,"2012-02-06 10:54:52","Teja Kovacevic","kwa ste usi glupi edi ≈°upak zoki car",UCCaKY4BuB82dZvFyxImvOjg,http://www.youtube.com/channel/UCCaKY4BuB82dZvFyxImvOjg,0,,
UgxMaleT7EMVOmjwret4AaABAg.8GbQd9t9GKQ92bk4fcOAJZ,,0,"2019-12-16 19:03:12",TheSlovenca,"Vsi=ti? mo≈æe..",UCxpOMXcN_FU-2d-cO5Se8Mg,http://www.youtube.com/channel/UCxpOMXcN_FU-2d-cO5Se8Mg,1,UgxMaleT7EMVOmjwret4AaABAg,"Teja Kovacevic"
UgzCL2kblXL2KNzOY8N4AaABAg,0,0,"2012-02-05 17:22:25","Mrtav Ladan","jankoviƒá je la≈æooooo,,,,,",UCrZSLJdmzYF7r1PDR6moTGg,http://www.youtube.com/channel/UCrZSLJdmzYF7r1PDR6moTGg,0,,
Ugwh6h-K30DKjBe5zkZ4AaABAg,0,10,"2012-02-05 14:26:26","The Mike","edi legenda :D",UCW6bMY0K2VEVuKMSKTh-21w,http://www.youtube.com/channel/UCW6bMY0K2VEVuKMSKTh-21w,0,,
UgyMtNS2n-PO61Kq_0J4AaABAg,0,0,"2012-02-04 14:26:04","Ema Zala","bogi zoki, no",UCxKUl84Mj9-3QB06soRkPlQ,http://www.youtube.com/channel/UCxKUl84Mj9-3QB06soRkPlQ,0,,
UgxQfUlqJ79tAZoepY94AaABAg,0,0,"2012-02-03 21:02:39","AVTOKROS SI","@amaister93 podpis pod to izjavo! Po vrhu pa ≈°e podkupuje novinarje in zavaja prebivalstvo, katastrofa! Ga predobro poznam ≈°e z Merkatorja, je ≈æe takrat prekril vso brutalno ozadje in prikazal vse ro≈ænato ... normalno da potem polovico ljudi nasede njegovimi la≈æmi ... baraba pokvarjena!",UCmmf-6A4TCHqGE2IQeMi8Yg,http://www.youtube.com/channel/UCmmf-6A4TCHqGE2IQeMi8Yg,0,,
UgykbyCTU-9GrdJzISx4AaABAg,0,0,"2012-02-03 06:26:44","Ernest AN≈ΩELJ","IN JANKOVIƒå JE NEDOL≈ΩEN KOT NEVESTA... ?! ON NE LA≈ΩE, ON JE PO≈†TEN, ON JE NAJVEƒåJI DOMOLJUB IN PO≈†TENJAK - DA BRUHA≈† ?! IN TO STE VOLILI - BUSALE.",UCBQE0TmxuPQJmk4BOS3EJTw,http://www.youtube.com/channel/UCBQE0TmxuPQJmk4BOS3EJTw,0,,
UgxeF-E3pMQq2vQja_l4AaABAg,1,19,"2012-02-02 20:21:42",Sajuri666,"ooo bravo Edi, rabmo veƒç takih! :D",UCQpkHjs2TCRdo-n-4NHbrTg,http://www.youtube.com/channel/UCQpkHjs2TCRdo-n-4NHbrTg,0,,
UgxeF-E3pMQq2vQja_l4AaABAg.8GbiIuhzycA9eyQWLbbhUv,,0,"2022-08-20 22:50:23","NE MARAM BUTLOV",ü§£ü§£ü§£,UCBRqSbIcqk59ILcv5Y_2OCA,http://www.youtube.com/channel/UCBRqSbIcqk59ILcv5Y_2OCA,1,UgxeF-E3pMQq2vQja_l4AaABAg,Sajuri666
UgzaFiw5jqMVBQQ7PE14AaABAg,0,0,"2012-02-02 18:46:45",ignissum,"Niti dveh stavkov po Topori≈°iƒçu, Edi pa v redu.",UCwbVlpGK-wyHq4f0bTYcshA,http://www.youtube.com/channel/UCwbVlpGK-wyHq4f0bTYcshA,0,,
UgyMfItpXWcy9xi8wo14AaABAg,0,0,"2012-02-02 14:43:08","Benjamin Alibegic","kok je ta edi pucer kmet ne pusti mu da pove clovk do konca",UCskaqe_hqTr3mhrB-jW85Cw,http://www.youtube.com/channel/UCskaqe_hqTr3mhrB-jW85Cw,0,,
UgxaejoT8-TP5h5sqTx4AaABAg,0,0,"2012-02-02 00:14:09",korencek,"za &quot;novinar&quot; ne kapira odgovora. sam sebe sme≈°i.",UCnlSOhS5uD19dl4qFOIWVvA,http://www.youtube.com/channel/UCnlSOhS5uD19dl4qFOIWVvA,0,,
Ugx1rvU6uvhB9-1c66F4AaABAg,0,0,"2012-02-01 16:39:25",GregorskiS,"@anzapizda HAHA...REALNO",UC-atDV8sllOyp8358rq2Z-A,http://www.youtube.com/channel/UC-atDV8sllOyp8358rq2Z-A,0,,
Ugx-k2_R9dn5Hrq6Q4B4AaABAg,0,0,"2012-02-01 16:09:43",sodnik81,"Komentarji kle so pa res kr neki...nevem kako se lahko kregate kdo je bol≈° Jan≈°a al Jankoviƒç. Oba sta nepo≈°tena in oba sta isto sranje....vi ste pa vsi ovce k se kregate glede njiju.Oba sta samo zato hotla zmagat volitve da bi se lahko izognila sodnim postopkom proti njima. To k pa neki vsi govorijo kok je Jan≈°a naredu za slovence....pa tut nevem kje ste to pobral, njegova vlada je zajebala javni sektor z njihovo uskladitvijo plaƒç, pa samo zna govort kaj so drugi slabo naredil, bomo vidl kaj bo.",UCGxHIBaB6Y8zCvDjCUyf_Bw,http://www.youtube.com/channel/UCGxHIBaB6Y8zCvDjCUyf_Bw,0,,
UgwCmNYYitPN8R69vOh4AaABAg,0,0,"2012-01-31 18:37:06","Doris Velikonja","Jan≈°a je belogardistiƒçni hinauc!!! Najprej si dovoli ≈æalt svoj lastn narod in pol se pa ≈°e sam sebe kr tko postavi za predsednika vlade! Zanj smo mi dr≈æavljani en navadn.....da ne reƒçem kej!!! Zdaj je pokazu koliko bo upo≈°teval mnenja dr≈æavljanov in same dr≈æavljane!!! ... 0!!!",UCnaeSgrMwTlNSY1I45JYwxg,http://www.youtube.com/channel/UCnaeSgrMwTlNSY1I45JYwxg,0,,
UgyzyXw9V18BXkXzff14AaABAg,0,0,"2012-01-31 10:48:18","ƒåika Kure","1:59 (odgovor je enak prej≈°njemu NE ) ahahahahaha",UCXJhEf4kJ3BG0ebx3vIgKWA,http://www.youtube.com/channel/UCXJhEf4kJ3BG0ebx3vIgKWA,0,,
UgxWuPYWqhvw8jqZ0ZN4AaABAg,0,0,"2012-01-30 15:09:09","Blaz Rus","ƒçe smo v sloveniji naj bo mandatar in vrh parlamenta slovenski ne pa srbski oz. bosanski..moje mnenje...raj≈° se odselm k pa mi tuki v moji domovini vlada en srb or whatever koli druzga!!! sej nism v srbiji... ",UC2G4hUS6DSKexwv_Nf8gl-g,http://www.youtube.com/channel/UC2G4hUS6DSKexwv_Nf8gl-g,0,,
UgxkSGPqO8WF1i6QV-d4AaABAg,0,0,"2012-01-29 10:53:56","Simon ƒåernelƒç","Edi Pucer na intervjuju z Edijem Pucerjem.",UCaY8_eIUXrwTWzMdFz5y0HQ,http://www.youtube.com/channel/UCaY8_eIUXrwTWzMdFz5y0HQ,0,,
UgyboErm213rx4xgt9Z4AaABAg,0,0,"2012-01-29 08:07:33","Alex DeNoir","@pbwned mislis zoki pokvarjnc ampk zna nek narest? ce ne ne stekam kk se povezujejo prvo trije stavki.",UCzK2hH2vf_q9SwkrGfgMZjw,http://www.youtube.com/channel/UCzK2hH2vf_q9SwkrGfgMZjw,0,,
UgwS8PLi99HOb7THOjl4AaABAg,0,0,"2012-01-29 08:04:03","Alex DeNoir","@tayiper clovek ce mislis argumentirat moje izjave se najprej nauci brat pa nauci se razumevat kaj kdo napise. no samo zate pa za tebi podobne razlaga: bil sem ponosen da sem slovenec. vedno. in upal da smo boljsi kot smo zares. sedaj po vsem kar sem videl v sloveniji me je sram da sem sovenec. tako. a se to: ce pravis da je jansa gladek ali nisi gledal bojev in pogovorov ali si pa slep.",UCzK2hH2vf_q9SwkrGfgMZjw,http://www.youtube.com/channel/UCzK2hH2vf_q9SwkrGfgMZjw,0,,
UgwUi1YBLg7hl6M5BcB4AaABAg,0,0,"2012-01-29 04:57:53","Tadej P.","@mcslovenc Pa si ti normalen? V prej≈°njem postu napi≈°e≈°: &quot;sram me je da sm Slovenc!!!!&quot;, v tem pa: &quot;ƒçlouk k je vedno bil ponosn da je reku da je Slovenec&quot; (ko opisuje≈° sebe!), ne se sramotit na tak prozoren naƒçin in delat idiota iz samega sebe! Za tvojega ljubega &quot;Zokija&quot; je jasno (glej video pod katerega si komentiral; tudi ƒçe je zmontiran niƒç bistvenega ne manjka, sem gledal teh 24ur) da je prikrival, za Jan≈°o paƒç ne! In to je bilo samo nekaj kar si privlekel iz rokava kot kao proti-argument.",UCO1sXynx_OWt-EAKVaEp8OA,http://www.youtube.com/channel/UCO1sXynx_OWt-EAKVaEp8OA,0,,
UgybfndkzpK4qSd3hmF4AaABAg,0,0,"2012-01-28 21:49:07","Anel Numanovic","kr neki js za zokija =D =D",UCb_rOrZj0FCngOYfTZFDbzQ,http://www.youtube.com/channel/UCb_rOrZj0FCngOYfTZFDbzQ,0,,
UgygNvoLHveQAHhrqil4AaABAg,0,0,"2012-01-28 01:59:48","Blaz Rus","jan≈°a je vsaj slovenc..ƒçe smo v sloveniji zato mora bit na vrhu slovenije slovenc ne pa uvo≈æenc...sej se vid kolk je bosancev pa ƒçefurju v sloveniji...3/4jih je tako k je reku &quot;ddjjoollaa&quot; da je v sloveniji 3/4 slepcev...a mislte da bi v srbiji pustli da je na ƒçelu vlade slovenc...prec metk u glavo...!!zanga bi glasvala sam tista 2 k bi bla takrat glih na poƒçitncah tam dol...zato dragi slovenci.. zagrabmo skup pa nardimo neki ƒçe teji pofukani politiki ne znajo!!! ",UC2G4hUS6DSKexwv_Nf8gl-g,http://www.youtube.com/channel/UC2G4hUS6DSKexwv_Nf8gl-g,0,,
Ugx3X9YaNR1X-rSgb_94AaABAg,0,0,"2012-01-27 18:45:08",MrUrbe06,"Edi Pucer ti si budalo povabi raj≈° Jan≈°o v studio pa ga takle provociraj glede patrije pa ostalih grehou ki ji je ogromno...ko je Jan≈°a vladau je blo dobrih stvari zelo malo oz. skoraj niƒç slabih pa ogromno...OPROSTITE SLOVENCI ≈ΩAL SE BLI≈ΩAJO ≈†E VELIKO SLAB≈†I ƒåASI POD OKRILJEM JAN≈†E PA LEP DAN",UCd1LJgGuRdya1vStpKLzM4w,http://www.youtube.com/channel/UCd1LJgGuRdya1vStpKLzM4w,0,,
UgwgKxrUCSLqkuPIz854AaABAg,0,0,"2012-01-25 19:56:09","Tilen Ploj","Kam gre tale svet noo",UC-qP1_vwsdhdSFqRDQ2VhDw,http://www.youtube.com/channel/UC-qP1_vwsdhdSFqRDQ2VhDw,0,,
UgxHOrWJgnYm17vNA1h4AaABAg,0,0,"2012-01-25 13:50:07","Matej Klajnsek","fse je treba postrelat al pa zapret.≈°e bolj≈°e pa,bombo vreƒçt na parlament ko maj kako sejo...pa mlade na oblast...",UCgQlVhVZWdrVI766g2O1Bcw,http://www.youtube.com/channel/UCgQlVhVZWdrVI766g2O1Bcw,0,,
UgyeeuC0ytLhgUY6HbZ4AaABAg,0,0,"2012-01-25 12:31:42","Peter Bala≈æek","@ddjjoollaa najbolj≈°e, da bi ≈°e enkrat Jan≈°o izvolili?! ne pravim, da je Jankoviƒáeva izvolitev v redu...ampak koga bi pa? Jan≈°a pokvarjenec totalni, vendar zna nekaj naredit...Virant pokvarjenec, potuhnjen, vendar naredit ne ve niƒçesar, vsaj za moje pojme ne. Je prvi kandidat, ki bi si denar &quot;pospravljal&quot; v ≈æep, naredil pa ne bi praktiƒçno niƒç pametnega. Zdaj pa koga od teh bi ti predlagal? Mogoƒçe SLS............SNS? ",UCc2W_0Sm2fdiUdEVKHl9wCg,http://www.youtube.com/channel/UCc2W_0Sm2fdiUdEVKHl9wCg,0,,
UgyvK_n-nEyBhYRVSDN4AaABAg,0,0,"2012-01-25 11:04:26","Sale Grga","2penovak jan≈°a je po tvoje angelƒçek ƒçlovk je v politiki 100 let in ma veƒç masla kot vsi sam da on lepo to zakrije",UCSTa6lQ_QwxTuGbjJl5JjXg,http://www.youtube.com/channel/UCSTa6lQ_QwxTuGbjJl5JjXg,0,,
UgyrDB82HBfeFXieMSR4AaABAg,0,0,"2012-01-23 14:55:55","Daniel B","sj reve≈æa sploh do besede ni pustu hehh",UC1b3rQ22M3RXqfdNSdAa7gw,http://www.youtube.com/channel/UC1b3rQ22M3RXqfdNSdAa7gw,0,,
UgwQvt0clbJaMSUjTv14AaABAg,0,0,"2012-01-23 13:18:07",auachiuaua,"Prav niƒç ga ni raztrgal. Bil je moƒçno napuranjen, a s polnimi hlaƒçami. Se prav sli≈°i, da se mu od nervoze celo drobovje trese in komaj za silo sploh formira stavke. Hotel je izpasti mudonja, a ga ≈æal ni dovolj v hlaƒçah.",UC-2-gX2z250TTQT2tSmSDUQ,http://www.youtube.com/channel/UC-2-gX2z250TTQT2tSmSDUQ,0,,
UgwuTbr1EhWXzLuuwlB4AaABAg,0,0,"2012-01-23 11:27:34","spenky denky","@2penovak oba sta umazana... Ni kandidata v Sloveniji, ki bi lahko izpolnjeval funkcijo mandatarja. S tem, da je Jan≈°a ≈°e bolj umazan.(prodaja oro≈æja, zapufanje dr≈æave za miljarde(da miljarde), vpleten v ƒçudne posle z patrijo itd.(volivci ste tok neumni ljudje) Izbirate umazane ljudi, namesto, da bi izbrali bolj≈°i sistem, kjer ne bi blo ne Jan≈° ne Jankoviƒçev.:) ps. Nism volil za nobenega, ne podpiram nobenega. ",UCq8dmjUfZG3Rw64jgKg4f-g,http://www.youtube.com/channel/UCq8dmjUfZG3Rw64jgKg4f-g,0,,
UgxExBtn_8AjFvJfNfh4AaABAg,0,1,"2012-01-22 23:03:53",YXANUBISXY,"Jan≈°a je car!",UC29JqQYiQA2UHeozuE2vt4g,http://www.youtube.com/channel/UC29JqQYiQA2UHeozuE2vt4g,0,,
UgxaBeQR2SazpJIJjjt4AaABAg,1,2,"2012-01-22 19:19:29",amaister93,"@usher7736 Zaradi takih komentarjev me je sram da sem Slovenc! Pa ti resno to? ƒålovek ima nelegalne tajne posle na Cipru (kar pomeni da davek gre na Ciper, kar dnar iz Slovenije odna≈°a...govorimo v miljonih), nezakonite posesti po Sloveniji, Ljubljano je zapufu za 20 let s 150.000.000‚Ç¨ dolga (gradbeniki po evropi so enotni, da bi lahko zgradili 5 podobnih stadionov za ceno 1 ubogih sto≈æic), ne zna z raƒçunalniki, njegov Jurƒçek grozi novinarjem, pa govori eno, dela pa drugo! Zoki GTFO!",UCpoUnj1Fuaa6IoDGGhJp2xw,http://www.youtube.com/channel/UCpoUnj1Fuaa6IoDGGhJp2xw,0,,
UgxaBeQR2SazpJIJjjt4AaABAg.8GcA8-QuEUQ9P0hFediQ8o,,0,"2021-06-25 16:29:25","lora dejmanlora","To so krivi vsi politiki.ki vso lopofƒçino zagovarjajo ker so sami lopovi.v slo.ni in nebo nikoli sposobnega pa po≈°tenega precednika ne politika.srba so dali da vodi obƒçino v ljubljani.DA SE VSE ZRU≈†I.JUGOVI√áI VODIJO SLO.PA KRADEJO..",UC9epPo7rhCgNGKabN1SqO9w,http://www.youtube.com/channel/UC9epPo7rhCgNGKabN1SqO9w,1,UgxaBeQR2SazpJIJjjt4AaABAg,amaister93
Ugzn-9vUxVuDkAeUc5Z4AaABAg,1,0,"2012-01-22 17:38:37",white0skull,"rtv slo in pop tv so jan≈°eve ≈æe dolgo",UC-Uyq5riplTl-CExmgVsBNw,http://www.youtube.com/channel/UC-Uyq5riplTl-CExmgVsBNw,0,,
Ugzn-9vUxVuDkAeUc5Z4AaABAg.8GcbtrxsD7X92bm4QdKCum,,0,"2019-12-16 19:20:39",TheSlovenca,"TO PA JE NAJBOLJ GLUPA IZJAVA IZMED VSEH KOMENTARJEV TUKAJ.",UCxpOMXcN_FU-2d-cO5Se8Mg,http://www.youtube.com/channel/UCxpOMXcN_FU-2d-cO5Se8Mg,1,Ugzn-9vUxVuDkAeUc5Z4AaABAg,white0skull
UgzO7ww2ppCN3UVY03N4AaABAg,0,0,"2012-01-22 09:38:02",zuma0man,"@2penovak hahahahahahahahaha pober se",UCE7roj7CPkvtDNF7XZhQfxA,http://www.youtube.com/channel/UCE7roj7CPkvtDNF7XZhQfxA,0,,
Ugx7Ros0ZcfMrPBmrB54AaABAg,0,0,"2012-01-22 09:21:13","Alex DeNoir","Najbol da gremo nazaj za nem≈°ke hlapce, sj smo to vedno bli, pa bodmo spet. sj ne znamo svoje dr≈æave furat tko kokr je treba. pa da vam bo jasn kdo to reƒçe. ƒçlouk k je vedno bil ponosn da je reku da je Slovenec, ƒçlouk k se je s hrvati, avstrijci italjani na glas kregu da so nam pokradl zemlo, ƒçlouk k mu je vsakiƒç k je pr≈°u nazaj u Slovenijo ƒçe je bil v tujini zaigralo srce.",UCzK2hH2vf_q9SwkrGfgMZjw,http://www.youtube.com/channel/UCzK2hH2vf_q9SwkrGfgMZjw,0,,
UgyHSQQ-X-OgmFizffB4AaABAg,0,0,"2012-01-22 09:15:31","Alex DeNoir","Pizde ene u≈°ive, a vi bote govoril da Zoki prikriva premo≈æenje?? JAN≈†A MA VEƒå TACGA PREMO≈ΩENJA PA NOƒåE DOKUMENTOV NOST PA TKO!!! KURBE U≈†IVE K ZAGOVARJATE JAN≈†O!!! Plus, Edi sploh noƒçe Zokiju pustit do besede!!! Plus da je zmontirano tole da &quot;bol≈°&quot; zgleda. TIsti k ste volil Jan≈°o, zj boste vidl pizdarijo od njega. aja seveda to sm pozabu... SPET jo boste vidl. a vam ni blo dost k ste ga enkt gledal na oblast pa je zafuru dr≈æavo???? IDIOTI SLOVENSKI sram me je da sm Slovenc!!!!",UCzK2hH2vf_q9SwkrGfgMZjw,http://www.youtube.com/channel/UCzK2hH2vf_q9SwkrGfgMZjw,0,,
UgzUdPNrxuca7NNtYaB4AaABAg,0,0,"2012-01-21 13:28:17","Mark L.earns","LJUDJE, KAK≈†NA NACIONALNA NESTRPNOST in ignoranca. Najraje pa imam argument: &quot;Jankoviƒá ni Slovenec!&quot; ali &quot;On je z juga!&quot; ... Pa kaj je narobe z vami ... Ja dajmo bit potem ≈°e rasisti pa zasu≈ænjit ƒçrnce ... ker to je seveda slovensko-proaktivno ... Tako nacionalizem nam je pripeljal 2. svetovno vojno, ljudje. ≈ΩALOST! Ne da ga podpiram, a prosim NIKDAR ne mi s takimi ... Upo≈°tevam argumente na umazane posle, ampak ne mi pa: &quot;Jan≈°a bi ≈æe vse po≈°lihtal, boH ga ima rad, niƒç mu ni za oporekat itd.&quot;",UCcTBbFaLoeQDe6KKavIFd-w,http://www.youtube.com/channel/UCcTBbFaLoeQDe6KKavIFd-w,0,,
Ugy4CLk3nxq1zu85jh54AaABAg,0,0,"2012-01-21 13:20:08","Mark L.earns","@ddjjoollaa Z neverjetno inteligentno argumentiranimi kletvicami se seveda izra≈æa bistrost va≈°ih povedi ... Ko, smo pa ≈æe pri slepcih --&gt; ≈æal mi je, da ≈°ele po oddani glasovnici spoznavam, da je vsak, ki ni ≈°el volit svoje drage ≈æene ali mo≈æa, slep. Kajti niti en politik ni sposoben povedati vsega o svojih poslih (da vkljuƒçitvi v kazenske postopke ne govorim). Torej, edini ƒçlovek, ki praviƒçno voli je tisti, ki voli tistega, kateremu zaupa - torej nobenega politika, ƒçe je pa kdo tako naiven ...",UCcTBbFaLoeQDe6KKavIFd-w,http://www.youtube.com/channel/UCcTBbFaLoeQDe6KKavIFd-w,0,,
UgwSTTWbuOTZGM3tUNN4AaABAg,0,0,"2012-01-21 13:12:47","Mark L.earns","@2penovak Izmi≈°ljena? Noben izmed njiju ni ƒçist, ƒçe smo ƒçisto odkriti ... Res ne razumem kako lahko gospodu J.J. tako zavzeto nasedate. NOBEN ni ƒçist. Ne mora≈° biti v kazenskem postopku in sploh kandidirat, madona ... ƒåe si tok nedol≈æen, to doka≈æi pa naredi to kar je v &quot;Blagor narodu&quot;. Vsem, ki ste zaslepljeni iz ene ali druge strani pa svetujem Cankarja - Za narodov blagor in Vinka Moderndorferja - Limonada slovenica. Potem pa sodite o na≈°i politiki.",UCcTBbFaLoeQDe6KKavIFd-w,http://www.youtube.com/channel/UCcTBbFaLoeQDe6KKavIFd-w,0,,
UgwFXfGXRdrvHC9rHPx4AaABAg,0,0,"2012-01-20 00:01:59",rakarbla,"takoj sem zato da smo nazaj avstro ogrska",UCo8A8M0ntbkA_cRR38n6vew,http://www.youtube.com/channel/UCo8A8M0ntbkA_cRR38n6vew,0,,
UgyK8SqQ4912bjCILLd4AaABAg,0,0,"2012-01-19 23:59:39",rakarbla,"ma vseodtlej je korumpƒçan bil izvoljen leta tam pa tam smo v pizdi, jan≈°a je mal hotu po svoje so ga najdl zato ker je hotu mir nardit na balkanu z brezveznik brzostrelkam, a vi bi pa kr mirno gledal kuko eni koljejo brezmoƒçne pahor je hotu nekej nardit so ga vsi po glav tovkl da se mu je zme≈°al, zej bo pa kr idealno, ma vrnil bi se 30 let nazaj, v leto 90 najbolje da se podarimo avstriji, pa vse te komuniste pred zid postavmo, pomoje bi mogl ≈°e plaƒçat avstrijcem",UCo8A8M0ntbkA_cRR38n6vew,http://www.youtube.com/channel/UCo8A8M0ntbkA_cRR38n6vew,0,,
UgxXu-oAmolLDtwCMMt4AaABAg,0,4,"2012-01-19 23:47:20",rakarbla,"da razlo≈æim zakaj je zmagal... najprej pomislite koliko nas je (2 miljona), potem razmislite koliko ljudi od teh ima volivno pravico (dober miljon), potem razmislite koliko je priseljenih iz juga (dobrih 200 tisoƒç), kaj mislite ƒçe jih na≈°unta pol od tega da rata? pa od teh pol jih boli kurac za slovence kandidiranih strank je bilo okrog deset, pa si sami izraƒçunajte kako... na nateg dejmo na≈°i verjetno, ne pa dejmo slovenci. pozitivna slovenija je v resnici nategnimo slovenijo",UCo8A8M0ntbkA_cRR38n6vew,http://www.youtube.com/channel/UCo8A8M0ntbkA_cRR38n6vew,0,,
UgyBzhgayCs7DnEaFal4AaABAg,0,0,"2012-01-19 23:37:23",rakarbla,"ta posnetek sem bolj dojel kot njegovo reklamo, ƒçe≈° poglejte kako me trgajo reve≈æa, pa niti razlo≈æiti ne morem, joj prejoj, a ne veste na keri strani je teh 24 kur???",UCo8A8M0ntbkA_cRR38n6vew,http://www.youtube.com/channel/UCo8A8M0ntbkA_cRR38n6vew,0,,
UgyVZH1GeiuEZXGMKcV4AaABAg,0,0,"2012-01-19 23:34:50",rakarbla,"ta bajta je ne kaplja v morje, mogoƒçe molekula",UCo8A8M0ntbkA_cRR38n6vew,http://www.youtube.com/channel/UCo8A8M0ntbkA_cRR38n6vew,0,,
Ugyxtrds2JqQ9uFbu-l4AaABAg,0,3,"2012-01-19 23:33:34",rakarbla,"zakaj ga ni vpra≈°al, ali njegov sin deluje v skladu z delovno in socialno zakonodajo v vseh svojih firmah... ko sem se zaposlil v eni od njih (hotelu na Bledu) mi je direktor osebno v obraz rekel sledeƒçe: &quot;odkar sem v tej firmi direktor (okrog 15 let) ≈°e nisem zaposlenim izplaƒçal bo≈æiƒçnic, ter je tudi nimam namen&quot; kar zagovarjajte to mafijo... pa bo povsod tako",UCo8A8M0ntbkA_cRR38n6vew,http://www.youtube.com/channel/UCo8A8M0ntbkA_cRR38n6vew,0,,
UgzKthB6g6KhtzJGVdB4AaABAg,0,0,"2012-01-19 23:09:23",giotto0111,"@ddjjoollaa in ≈°e z moje strani: DEBILA OBADVA NA 69 POTENCO",UCFPS8WPa5BjrUdHKJxqp5XA,http://www.youtube.com/channel/UCFPS8WPa5BjrUdHKJxqp5XA,0,,
Ugx9LTWg_npSZtnFc_F4AaABAg,0,0,"2012-01-19 23:08:36",giotto0111,"@2penovak IZRECNO je bil vpra≈°an in to zelo vljudno..slovenci ZBUDITE SE!!!!",UCFPS8WPa5BjrUdHKJxqp5XA,http://www.youtube.com/channel/UCFPS8WPa5BjrUdHKJxqp5XA,0,,
Ugzi7mfvnTSia5924NJ4AaABAg,0,0,"2012-01-19 22:15:07",MartyElnura,"@LordOfCt ne pozabt da je biu jan≈°a tist k je bulmastife vrnu nazaj v pekel",UCjhzrdiMlm_0F7gLNniv37w,http://www.youtube.com/channel/UCjhzrdiMlm_0F7gLNniv37w,0,,
Ugw6FYYdNh2V20brIwh4AaABAg,0,0,"2012-01-19 19:01:11","Nejc ≈†vajger","daj stari wtf ... ƒçe bi ker normalni ƒçlovek to naredo nƒç nebi blo.. zjd se pa na njega spravljate... to je tisto ko iz mu≈°ice nardi≈° slona ... koga jebe od koga je hi≈°a? to je njegova stvar... ",UCABMmRs2R6HLOl3Luqf8xUQ,http://www.youtube.com/channel/UCABMmRs2R6HLOl3Luqf8xUQ,0,,
Ugzy0SmaxLBoQhdLzOJ4AaABAg,0,6,"2012-01-19 12:39:02",nobodyreally11,"Zanimivo. Posnetek je dolg 156 sekund, od tega je Jankoviƒç govoril 66 sekund. To je okoli 42 % &quot;dialoga&quot;. Res pa je, da tistih 66 jankoviƒçevih sekund ni celih in sem ≈°tel zraven tudi vzdihe in zvoke, ki jih je oddajal med pucerjevim monologom.",UCSNeKeUk7PYRBvqkvHVBB2w,http://www.youtube.com/channel/UCSNeKeUk7PYRBvqkvHVBB2w,0,,
UgygLFhxoTuxAmAFNg14AaABAg,0,0,"2012-01-19 08:01:33",Lekky,"Ne bi rekel, da ga je raztrgal...bolj primitivno provociral-k ƒçemur se novinarji 24 ur vse bolj nagibajo. Bedna televizija in ≈°e bolj bedni kadri.",UC694GGNlMQ-zTJehVurIpgw,http://www.youtube.com/channel/UC694GGNlMQ-zTJehVurIpgw,0,,
UgyZ4U5W3laIlGgU8tt4AaABAg,0,0,"2012-01-18 17:12:36","ja≈°a ro≈°kar","vsi kradejo ampak jankoviƒá bi vsaj gospodarsko dvignu slovenijo ne pa jan≈°a ki samo la≈æe",UCjjNweXSf7yrsAj634k4vLA,http://www.youtube.com/channel/UCjjNweXSf7yrsAj634k4vLA,0,,
UgwzuO4KvWVC4ks4iO54AaABAg,0,0,"2012-01-17 20:27:17","janez kri≈ænar","jebeni jan≈°evci! je mu ≈°anso pa nƒç ni naredu... poskrijte se konzervativci scagani!!!:D",UCTlDnmfN1rgLkRYTkRe0DJg,http://www.youtube.com/channel/UCTlDnmfN1rgLkRYTkRe0DJg,0,,
UgyJsn5yMz16TRv2MqF4AaABAg,0,0,"2012-01-17 17:28:18",HeGTV,"hahaha 02:23 SRBIJA !!!! ",UC0FNdz9wVIZeSEaXl3yd_Gw,http://www.youtube.com/channel/UC0FNdz9wVIZeSEaXl3yd_Gw,0,,
UgzmPD7WlrkF9qdOBwF4AaABAg,0,0,"2012-01-17 17:27:12",HeGTV,"zakaj ga vabijo na intervju ƒçe mu ne dajo besede!!?? lah bi Zoki najprej svoje povedou pol bi pa komentiral! ",UC0FNdz9wVIZeSEaXl3yd_Gw,http://www.youtube.com/channel/UC0FNdz9wVIZeSEaXl3yd_Gw,0,,
UgyPBkez2neQ4V86UVN4AaABAg,0,0,"2012-01-17 16:16:43","‚ñë‚ñë‚ñë‚ñë‚ñÑ‚ñÑ‚ñÑ‚ñÑpro tutorials","ni original odgovor enak prej≈°nemu ne",UCgAvyTpe56CDjli6Daz3CbA,http://www.youtube.com/channel/UCgAvyTpe56CDjli6Daz3CbA,0,,
UgxALd-qvlGPSOaMzxB4AaABAg,0,1,"2012-01-17 13:37:31","Gal Kumar","Edi Pucer pa zmaga :D",UCi_SX5kboA9jycgvfztZHDQ,http://www.youtube.com/channel/UCi_SX5kboA9jycgvfztZHDQ,0,,
UgwMsKtkeENwI3ohymZ4AaABAg,0,0,"2012-01-15 20:31:29",swzc1,"@SyRuSim ma kaj bomo pod srbom ≈æiveli? dej zamisli se mal no",UCD08iUF2VafrinknGVO2Y4Q,http://www.youtube.com/channel/UCD08iUF2VafrinknGVO2Y4Q,0,,
Ugx5WrlU-fMkPZ8rffx4AaABAg,0,0,"2012-01-15 11:40:35",lightgorm,"Z VA≈†IMI KOMENTARJI SE STRINJAM AMPAK NE RAZUMEM POTEM ZAKAJ JE ZMAGAL ƒåE STE VSI PROTI NJEMU?",UCOcQ6yN7HqsmfwfGc0op1jA,http://www.youtube.com/channel/UCOcQ6yN7HqsmfwfGc0op1jA,0,,
UgxfIagMGywgrKDr0-N4AaABAg,0,0,"2012-01-14 21:38:32",1234567891011121314151617181920,"ker la≈æniuc.... nemorm vrjet da bi ljudje radi mel tazga la≈æniuca za precednika",UCiE9FhKBgTNLoHSY4oQO8-g,http://www.youtube.com/channel/UCiE9FhKBgTNLoHSY4oQO8-g,0,,
UgyX_SHSAORxB7Pto-p4AaABAg,1,4,"2012-01-14 17:46:16","Simon Bajc","ne mor≈° tko posnetka montirat, da Zoki ne pove do konca =) ƒåe bo Jan≈°a mandatar pol bo ≈°ele kriza !!! ",UCue3a_4lqrtP8LcvJhWXeAQ,http://www.youtube.com/channel/UCue3a_4lqrtP8LcvJhWXeAQ,0,,
UgyX_SHSAORxB7Pto-p4AaABAg.8GcDTmImdtN9I3o43IRj7W,,0,"2021-01-03 21:46:58","Aron Breitenberger","Lej kdo je zdej vlada hahaha",UCmZQgveFcbBCT_d5iIOb1Og,http://www.youtube.com/channel/UCmZQgveFcbBCT_d5iIOb1Og,1,UgyX_SHSAORxB7Pto-p4AaABAg,"Simon Bajc"
UgxCzGzYoJjPy351DbV4AaABAg,0,0,"2012-01-14 10:48:05",monsterjure,"kralll edi ti si krall =D ",UCHVOg51P_h2bQJ7jycAemng,http://www.youtube.com/channel/UCHVOg51P_h2bQJ7jycAemng,0,,
Ugzm1M5phzVAX-dEj5J4AaABAg,0,3,"2012-01-13 22:00:15",vojislavmatija,"Kuƒçanov deƒçko pejt spat, v sloveniji samo zgago dela≈° in niƒç drugega. Lepo prosim pusti Ljubljano in celotno Slovenijo pri miru in naj Slovenija ostane slovenska, brez d≈æamij in ostalih tujih kultur in ver. HVALA",UCCGnpK614zpUy_gxuRuB9AA,http://www.youtube.com/channel/UCCGnpK614zpUy_gxuRuB9AA,0,,
UgxwPPLEKuCKPpoY3S54AaABAg,0,0,"2012-01-13 19:08:02","Uro≈° Ap≈°ner","PROKLET LOPOV SRBSKI!!!!! NAJ CRKNE!!!!! ",UCyKo-uxI5Qo-NxUtWx-6HqQ,http://www.youtube.com/channel/UCyKo-uxI5Qo-NxUtWx-6HqQ,0,,
UgzNi5oXlpk6EoXZ5cp4AaABAg,0,0,"2012-01-13 15:54:28",smithsonian,"HA HA HA Zoran zoran zoran iz ljubljane na ≈æalost si zelo neprepriƒçljiv bebec in to lahko vid vsak ki ni slep. AMPAK NA ≈ΩALOST JE OƒåITNO DA JE V SLOVENIJI VEƒå KOT 3/4 SLEPCEV!!!!!!! JEBIGA AMPAK TAKO JE, kar se tiƒçe pa turkovih komentarjev da se mu zdi Jankoviƒá primeren kandidat in da mu ≈æeli dati mo≈ænost pa pravim TURK tudi ti si DEBIL ƒçe tako misli≈°. Hvala za tako dr≈æavo! Sramota.",UCnzSyarr7QJSzxTtvvWQmeg,http://www.youtube.com/channel/UCnzSyarr7QJSzxTtvvWQmeg,0,,
UgxtU1nP5d4J-2s_d9J4AaABAg,0,0,"2012-01-11 18:29:26",1DarkMasK1,"@ninyo94 1.) On ni politik in nima izku≈°enj z politiko. 2.) On je eden tistih k so nas spravl v krizo se prav pohlepen bogata≈°ek k je zmeri hotu veƒç in zarad tega je tud ≈°el mal podzemni bizniz preƒçekirat.",UCNkkU7_LmrLtfM08oggZB2w,http://www.youtube.com/channel/UCNkkU7_LmrLtfM08oggZB2w,0,,
UgyDWMHIJ_hDoh8yLIF4AaABAg,0,0,"2011-12-12 20:12:30","Slo Sova","E, Janko, Janko. Bumbar in pol...",UCSubUDmLEKlu7O2m5cYZ8VQ,http://www.youtube.com/channel/UCSubUDmLEKlu7O2m5cYZ8VQ,0,,
UgwcMSMvYvV87yZ3d_14AaABAg,0,0,"2011-12-11 22:08:58",1HourADay,"@zouna007 glasen s prsti na tipkovnici.. reve≈æ bogi.",UCz4HuFPegmMy2-5tjOrkKsw,http://www.youtube.com/channel/UCz4HuFPegmMy2-5tjOrkKsw,0,,
UgykRfPbbfcHtKltzmh4AaABAg,0,0,"2011-12-11 22:08:19",1HourADay,"kmet zahojen.. zmontirat in pustit voditeljeve stavke, zokija pa zrezat, ma pravi si mi ti sdsovc.. pra≈°i jan≈°o, ƒçe lahko ti naslednjiƒç lepi≈° la≈æne izrezke iz dokumentov o D. Turku...",UCz4HuFPegmMy2-5tjOrkKsw,http://www.youtube.com/channel/UCz4HuFPegmMy2-5tjOrkKsw,0,,
UgxEgxFOJnJv9ugEaq94AaABAg,0,0,"2011-12-11 21:04:39",sarkofuck,"@YXANUBISXY jan≈°a re≈°i nas :D lol ",UCb305Xcj7OMxEGFdAdvO6eg,http://www.youtube.com/channel/UCb305Xcj7OMxEGFdAdvO6eg,0,,
UgzUzsjbaTmDdSH1OeN4AaABAg,0,0,"2011-12-11 17:34:37","Urban Kolbl","Kaj pa ƒçe bi nekdo objavil celotno debato namest da poslu≈°amo samo nesramno prekinjanje iz strani Pucerja? Kako lahko kdo na podlagi tega zmontiranega posnetka sploh ustvari mnenje o Jankoviƒáu? Nisem nikol bil njegov podpornik ampak halo...vsi po vrst ste bedaki k jemljete medije resno in ne znate ustvart svoje lastne perspektive.",UCgUk86JRRNdyBvBLpkcVgfw,http://www.youtube.com/channel/UCgUk86JRRNdyBvBLpkcVgfw,0,,
Ugxt40mqCzaKfZRVdAR4AaABAg,0,0,"2011-12-11 16:35:05","Klemen No Name","hahhahaha.....pucer ti si legenda, majke mi!!! zoki mr≈° nazaj u srbijo!",UCaQfGV3LDFf1Sb7f8YiEeRA,http://www.youtube.com/channel/UCaQfGV3LDFf1Sb7f8YiEeRA,0,,
UgwzytVCHK0pPXd5hJN4AaABAg,0,0,"2011-12-11 16:34:29","Gorazd ƒåade≈æ","Edi care, ≈°koda da nau≈° vƒç doug delu na 24ur k te bo jankoviƒá fuknu vn. drgaƒç pa ja, zakon ga je zjebu, sam folk ≈°e zmer naivn vol srba :) GO SLOVENCI !",UCFVAYcm4TrPkDbagqDXlkGw,http://www.youtube.com/channel/UCFVAYcm4TrPkDbagqDXlkGw,0,,
UgzicTmnXsQNpZIwZ654AaABAg,0,1,"2011-12-10 23:33:35",YXANUBISXY,"Nimam besed za tega Jankoviƒáa, ki bo naredil tako sramoto Sloveniji, da bo glava pekla. V enem tednu od volitev ni prejel niti ene ƒçestitke ob zmagi na volitvah, malo se vpra≈°ajte &quot;Slovenci&quot; kaj ste volili....definitivno vam bo ≈æal, vendar takrat bo ≈æe prepozno, takrat nam go Grƒçija ≈æe segla v prijateljski objem bankrota!",UC29JqQYiQA2UHeozuE2vt4g,http://www.youtube.com/channel/UC29JqQYiQA2UHeozuE2vt4g,0,,
UgzlnzCLibiBOGCE4Od4AaABAg,0,1,"2011-12-08 00:07:56",MarcSLO,"Pucer legenda :D",UC0PFVAnkXKEO94wSGHmm5Xg,http://www.youtube.com/channel/UC0PFVAnkXKEO94wSGHmm5Xg,0,,
UgxcvHyP6JJL1MVHnm94AaABAg,0,0,"2011-11-24 17:11:21","Uro≈° Jenko","novinarji se lahko malo lep≈°e obna≈°ajo",UC2G61g4GnLqrSiwob1lyCiA,http://www.youtube.com/channel/UC2G61g4GnLqrSiwob1lyCiA,0,,
Ugx19RZA7jlITKG2Vft4AaABAg,0,0,"2011-11-24 12:19:28",Polenar,"bolj kot probate jankoviƒça potunkat in zajebat, raj≈° ga ima folk",UCFbIxcpk1jAXyyzZxMOD9cw,http://www.youtube.com/channel/UCFbIxcpk1jAXyyzZxMOD9cw,0,,
