ID	YEAR	TITLE	SUBTITLE	DIGITAL-TITLE	URL	URN	MEDIUM	CRITICAL-TITLE	ORIG-TITLE	AUTHOR	VIAF	AUTHOR-URL	TRASLATOR	TRANSLATOR-URL	WORDS	INCIPIT
Cigler_Deteljica1863	1863	Deteljica ali življenje treh kranjskih bratov francoskih soldatov (1863) [PriLit]		Janez Cigler. Deteljica ali življenje treh kranjskih bratov francoskih soldatov		URN:NBN:SI:DOC-DGMMFHGR	print		Janez Cigler: Deteljica ali življenje treh kranjskih bratov francoskih soldatov. V Celovcu: Družba sv. Mohora, 1863.	Janez Cigler (1792-1869)	247997342	https://www.slovenska-biografija.si/oseba/sbi158832/			34776	DETELJICA ALI ŽIVLJENJE TREH KRANJSKIH BRATOV FRANCOSKIH SOLDATOV. Spisal Janez Cigler,...
Cigler_Hema1839	1839	Živlenje s. Heme, brumne koroške grafine (1839) [PriLit]		Janez Cigler. Živlenje s. Heme, brumne koroške grafine	https://books.google.si/books/about/Shivlenje_S_Heme_brumne_koroshke_grafine.html?id=DZ9bAAAAcAAJ&redir_esc=y		print		Janez Cigler: Življenje s. Heme, brumne koroške grafine. Celovec, 1839.	Janez Cigler (1792-1869)	247997342	https://www.slovenska-biografija.si/oseba/sbi158832/			8978	ŽIVLENJE S. HEME, BRUMNE KOROŠKE GRAFINE. Spisal in na svitlobo dal Janez Ciegler, višn...
Cigler_Kortonica1866	1866	Kortonica, koroška deklica (1866) [PriLit]		Janez Cigler. Kortonica, koroška deklica			print		Janez Cigler: Kortonica, koroška deklica. Celovec: Družba sv. Mohora, 1866.	Janez Cigler (1792-1869)	247997342	https://www.slovenska-biografija.si/oseba/sbi158832/			25734	KORTONICA, KOROŠKA DEKLICA. Spisal Janez Cigler, fajmošter v Višnjigori na Kranjskem....
Cigler_SrecaVNesreci1836	1836	Sreča v nesreči ali Popisovanje čudne zgodbe dveh dvojčikov (1836) [PriLit]	Podučenje starim in mladim, revnim in bogatim	Janez Cigler. Sreča v nesreči ali Popisovanje čudne zgodbe dveh dvojčikov		URN:NBN:SI:DOC-D6M7GEE4	print		Janez Cigler: Sreča v nesreči ali Popisovanje čudne zgodbe dveh dvojčikov. V Ljubljani, 1836.	Janez Cigler (1792-1869)	247997342	https://www.slovenska-biografija.si/oseba/sbi158832/			33917	SREČA V NESREČI, ALI POPISVANJE ČUDNE ZGODBE DVEH DVOJČIKOV. Podučenje starim in mladim...
Cigler_SrecaVNesreci1838_1840	1840	Sreča v nesreči ali Popisovanje čudne zgodbe dveh dvojčikov (1838/1840) [PriLit]	Podučenje starim in mladim, revnim in pogatim	Janez Cigler. Sreča v nesreči ali Popisovanje čudne zgodbe dveh dvojčikov		URN:NBN:SI:DOC-D6M7GEE4	print		Janez Cigler: Sreča v nesreči ali Popisovanje čudne zgodbe dveh dvojčikov. V Ljubljani, 1836 [1838/1840].	Janez Cigler (1792-1869)	247997342	https://www.slovenska-biografija.si/oseba/sbi158832/			33918	SREČA V NESREČI, ALI POPISVANJE ČUDNE ZGODBE DVEH DVOJČIKOV. Podučenje starim in mladim...
Cigler_SrecaVNesreci1882	1882	Sreča v nesreči, ali Popisovanje čudne zgodbe dveh dvojčkov (1882) [PriLit]	Poučenje starim in mladim, ubožnim in bogatim	Janez Cigler. Sreča v nesreči, ali Popisovanje čudne zgodbe dveh dvojčkov		URN:NBN:SI:doc-8PGFTTBL	print		Janez Cigler: Sreča v nesreči, ali Popisovanje čudne zgodbe dveh dvojčkov: poučenje starim in mladim, ubožnim in bogatim. Založil in izdal I. Tomšič. Ljubljana: I. Tomšić, 1882.	Janez Cigler (1792-1869)	247997342	https://www.slovenska-biografija.si/oseba/sbi158832/			34760	Sreča v nesreči ali popisovanje čudne zgodbe dveh dvojčkov. Poučenje starim in mladim,...
Cigler_SrecaVNesreci1936	1936	Sreča v nesreči ali popisovanje čudne zgodbe dveh dvojčkov (1936) [PriLit]		Janez Cigler. Sreča v nesreči ali popisovanje čudne zgodbe dveh dvojčkov			print		Janez Cigler: Sreča v nesreči. Priredil dr. Rudolf Kolarič. Celje: Družba sv. Mohorja, 1936.	Janez Cigler (1792-1869)	247997342	https://www.slovenska-biografija.si/oseba/sbi158832/			33749	Janez Cigler Sreča v nesreči Priredil dr. Rudolf Kolarič Natisnila Mohorjev...
Cigler_SrecaVNesreci1974	1974	Sreča v nesreči ali popisovanje čudne zgodbe dveh dvojčkov (1974) [PriLit]	Podučenje starim in mladim, revnim in bogatim	Janez Cigler. Sreča v nesreči ali popisovanje čudne zgodbe dveh dvojčkov			print		Janez Cigler: Sreča v nesreči ali popisovanje čudne zgodbe dveh dvojčkov. Podučenje starim in mladim, revnim in bogatim. Spremno besedo in opombe napisal Matjaž Kmecl. Ljubljana: Mladinska knjiga (Kondor 141), 1984.	Janez Cigler (1792-1869)	247997342	https://www.slovenska-biografija.si/oseba/sbi158832/			33810	Janez Cigler Sreča v nesreči ali popisovanje čudne zgodbe dveh dvojčkov Podučenje...
Cigler_SrecaVNesreci1984	1984	Sreča v nesreči ali popisovanje čudne zgodbe dveh dvojčkov (1984) [PriLit]	Podučenje starim in mladim, revnim in bogatim	Janez Cigler. Sreča v nesreči ali popisovanje čudne zgodbe dveh dvojčkov			print		Janez Cigler: Sreča v nesreči ali Popisovanje zgodbe dveh dvojčkov. Podučenje starim in mladim, resnim in bogatim. Avtorja spremne besede Jože Pogačnik in Matjaž Kmecl. Ljubljana: Mladinska knjiga (Hram), 1984.	Janez Cigler (1792-1869)	247997342	https://www.slovenska-biografija.si/oseba/sbi158832/			33846	Janez Cigler Sreča v nesreči ali popisovanje čudne zgodbe dveh dvojčkov Podučenje...
Cigler_SrecaVNesreci1991	1991	Sreča v nesreči ali popisovanje čudne zgodbe dveh dvojčkov (1991) [PriLit]	Podučenje starim in mladim, revnim in bogatim	Janez Cigler. Sreča v nesreči ali popisovanje čudne zgodbe dveh dvojčkov			print		Janez Cigler: Sreča v nesreči ali Popisovanje čudne zgodbe dveh dvojčkov. Podučenje starim in mladim, revnim in bogatim. Spremno besedo napisal Matjaž Kmecl. Ljubljana: Založništvo slovenske knjige (Slovenska povest 1), 1991.	Janez Cigler (1792-1869)	247997342	https://www.slovenska-biografija.si/oseba/sbi158832/			33793	Janez Cigler Naslov: Sreča v nesreči ali popisovanje čudne zgodbe dveh dvojčkov P...
Cochem_DoberLegentTehSuetnikov1750	?1750	Dober legent teh svetnikov (~1750) [PriLit]	Tu je eno lopu na tenku inu ponižnu popisanje tiga živlenja terpljenja inu smerti od teh lubeh sveteh božjeh na en sak dan tiga cjelega leta skuz pat. Dionizium od Linzburga, tiga čistiga provinca kapucinarja postavlen inu vun talen po njegovemu srečnemu zaspanju iz perpušenja teh višeh, od sve velku falarjov očišen, iz žvahtnem zvoženjam popravjen, tudi iz stue noj 30 novemi perpravlenmi perpisan	Martin von Cochem. Dober legent teh svetnikov	http://ezb.ijs.si/fedora/get/nrss:nrss_ms_014/VIEW/		manuscript		Register slovenskih rokopisov 17. in 18. stoletja. Ms 014. Martin Cochemski: Dober legent teh svetnikov.	Martin von Cochem (1634-1712)	15564599	https://www.deutsche-biographie.de/sfz58612.html#ndbcontent			39107	DOBER LEGENT TEH SVETNIKOV, TU JE ENO LOPU NA TENKU INU PONIŽNU POPISANJE TIGA ŽIVLENJA TERPL...
Cochem_Genovefa1800	?1800	Ena Lepa lubezniva inu branja vredna historja od te po nadovžnu ven izgnane svete Grafnje Genofefe iz tega mesta Pfalz (~1800) [PriLit]		Martin von Cochem. Ena Lepa lubezniva inu branja vredna historja od te po nadovžnu ven izgnane svete Grafnje Genofefe iz tega mesta Pfalz		URN:NBN:SI:DOC-5Y96DU3F	print		Ena Lepa lubezniva inu branja vredna historja od te po nadovžnu ven izgnane svete Grafnje Genofefe iz tega mesta Pfalz. Je iz nemškiga na krajnski jezik preobernena. Kranj, [1800?].	Martin von Cochem (1634-1712)	15564599	https://www.deutsche-biographie.de/sfz58612.html#ndbcontent	?Pavel Knobl (1765-1830)	https://www.slovenska-biografija.si/oseba/sbi279367/	15389	ENA LEPA LUBEZNIVA INU BRANJA VREDNA HISTORJA OD TE PO NADOVŽNU VEN IZGNANE SVETE GRAFNJE GEN...
Cochem_PoljanskiRokopis1800	?1800	Poljanski rokopis (~1800) [PriLit]	Jezusovo življenje v sto postavah	Martin von Cochem. Poljanski rokopis	http://ezb.ijs.si/fedora/get/nrss:nrss_ms_023/VIEW/		manuscript		Register slovenskih rokopisov 17. in 18. stoletja. Ms 023. Poljanski rokopis. Jezusovo življenje v sto postavah.	Martin von Cochem (1634-1712)	15564599	https://www.deutsche-biographie.de/sfz58612.html#ndbcontent			218656	Ta peta postava: Kir je Gospud Jezus Kristus v Betlehem rojen biv Per rojstvo Jezusa Kr...
Franklin_PravaPot1812	1812	Prava pot k dobrimu stanu ali ena beseda ob pravim časi (1812) [PriLit]	Nekaj za vsakiga človeka	Benjamin Franklin. Prava pot k dobrimu stanu ali ena beseda ob pravim časi		URN:NBN:SI:doc-AE1XKVLV	print		Benjamin Franklin: Prava pot k dobrimu stanu, ali ena beseda ob pravim časi. Gradec, 1812.	Benjamin Franklin (1706-1790)	56609913		Janez Nepomuk Primic (1785-1823)	https://www.slovenska-biografija.si/oseba/sbi470396/	8404	PRAVA POT K DOBRIMU STANU, ALI ENA BESEDA OB PRAVIM ČASI. Nekaj za vsakiga človeka....
Masserano_Leonard1798	1798	Kratko popisanje živlenja očeta Leonarda od Porto Mauritio, apostolskiga misionarja ordna s. Franciska ojstrišiga deržanja kloštra s. Bonaventura v Rimu (1798) [PriLit]		Giuseppe Maria di Masserano. Kratko popisanje živlenja očeta Leonarda od Porto Mauritio, apostolskiga misionarja ordna s. Franciska ojstrišiga deržanja kloštra s. Bonaventura v Rimu		URN:NBN:SI:DOC-ZVA3HFY7	print		Giuseppe Maria di Masserano: Kratko popisanje živlenja zveličaniga očeta Leonarda od Porto Mauritio. Natisneno v Lublani: per Kleinmajerju, [1798?].	Giuseppe Maria di Masserano	209100079		?Valentin Vodnik (1758-1819)	https://www.slovenska-biografija.si/oseba/sbi797061/	26995	KRATKO POPISANJE ŽIVLENJA OČETA LEONARDA OD PORTO MAURITIO, APOSTOLSKIGA MISIONARJA ORDNA S....
Neznani_Izidor1824	1824	Kmet Izidor s svojimi otroki ino ludmi, ali prispodobni navuki dobrih staršov za svoje otroke ino podložne (1824) [PriLit]	Knižica za vsakega kmeta ino težaka	Kmet Izidor s svojimi otroki ino ludmi, ali prispodobni navuki dobrih staršov za svoje otroke ino podložne		URN:NBN:SI:DOC-3VTS3358	print		Christoph Schmid: Kmet Izidor s svojimi otroki ino ludmi, ali prispodobni navuki dobrih staršov za svoje otroke ino podložne. V Radgoni, 1824.				Peter Dajnko (1787-1873)	https://www.slovenska-biografija.si/oseba/sbi168756/	21129	KMET IZIDOR S SVOJIMI OTROKI INO LUDMI, ALI PRISPODOBNI NAVUKI DOBRIH STARŠOV ZA SVOJE OTROKE...
Neznani_Izidor1835	1835	Izidor, brumni kmet (1835) [PriLit]	Bukvice ljubim kmetam podeljene	Izidor, brumni kmet		URN:NBN:SI:doc-FGKI1SXF	print		Izidor, brumni kmet. V Ljubljani, 1835.				Luka Dolinar (1794-1863)	https://www.slovenska-biografija.si/oseba/sbi176526/	13428	IZIDOR, BRUMNI KMET. Bukvice ljubim kmetam podeljene. Iz nemškiga prestavil L. Do...
Pohlin_Hagiografije1769	1769	Kratku popisuvanje tega živlenja inu pridne pobožnoste s. Florijana marterneka, koker tudi s. Donata marterneka inu s. Janeza, inu Pavla m. Pomočnikov v ognu, inu hudega vremena nevarnostah (1769) [PriLit]	S prelepeme litaniame, inu molitvucame previdenu, inu po nekdanemu predkladku v noveč pobulšanu, inu pogmiranu	Marko Pohlin. Kratku popisuvanje tega živlenja inu pridne pobožnoste s. Florijana marterneka, koker tudi s. Donata marterneka inu s. Janeza, inu Pavla m. Pomočnikov v ognu, inu hudega vremena nevarnostah		URN:NBN:SI:doc-ISDP32I0	print		Marko Pohlin: Kratku popisuvanje tega živlenja, inu pridne pobožnoste s. Floriana marterneka, koker tudi s. Donata marterneka, inu ss. Jannesa, inu Pavla mm. pomočnikov v ognu, inu hudega vremena navarnostah. Ljubljana, 1769.	Marko Pohlin (1735-1801)	50094273	https://www.slovenska-biografija.si/oseba/sbi443704/			5402	KRATKU POPISUVANJE TEGA ŽIVLENJA INU PRIDNE POBOŽNOSTE S. FLORIJANA MARTERNEKA, KOKER TUDI S....
Schmid_Evstahi1832	1832	Evstahi (1832) [PriLit]	Povest iz pisem Krištofa Šmida	Christoph von Schmid. Evstahi		URN:NBN:SI:doc-JNJPTTM4	print		Christoph Schmid: Evstahi. Povest iz pisem Krištofa Šmida. Ljubljana, 1832.	Christoph von Schmid (1768-1854)	7524803	https://www.deutsche-biographie.de/sfz78606.html#ndbcontent	Jožef Burger (1800-1870)	https://www.slovenska-biografija.si/oseba/sbi153908/	35748	EVSTAHI. Povest iz pisem Krištofa Šmida. Na svetlobo dal Jožef Burger, duhovnik v...
Schmid_Genovefa1841	1841	Genovefa (1841) [PriLit]	Povest iz starih časov za vse dobre ljudi, zlasti pa za matere in otroke	Christoph von Schmid. Genovefa		URN:NBN:SI:DOC-KYFTUPLQ	print		Christoph Schmid: Genovefa. Povest iz starih časov za vse dobre ljudi, zlasti pa za matere in otroke. Ljubljana, 1841.	Christoph von Schmid (1768-1854)	7524803	https://www.deutsche-biographie.de/sfz78606.html#ndbcontent	Franc Malavašič (1818-1863)	https://www.slovenska-biografija.si/oseba/sbi344153/	28821	GENOVEFA Povest iz starih časov za vse dobre ljudi, zlasti pa za matere in otroke....
Schmid_LeseniKriz1832	1832	Leseni križ (1832) [PriLit]		Christoph von Schmid. Leseni križ		URN:NBN:SI:doc-ALXT7DHZ	print		Christoph Schmid: Pomoč v sili ali Leseni križ in Sreča dobriga uka. Dve povesti iz pisem Kristofa Šmida. Ljubljana, 1832. Str. 4-30.	Christoph von Schmid (1768-1854)	7524803	https://www.deutsche-biographie.de/sfz78606.html#ndbcontent	Jožef Burger (1800-1870)	https://www.slovenska-biografija.si/oseba/sbi153908/	6392	POMOČ V SILI ALI LESENI KRIŽ IN SREČA DOBRIGA UKA. Dve povesti iz pisem Krištofa Šmida....
Schmid_Martin1836	1836	Martin mladi pušavnik (1836) [PriLit]	Zala perpoved za otroke, iz pisem Krištofa Šmida	Christoph von Schmid. Martin mladi pušavnik		URN:NBN:SI:doc-DIFAHMTW	print		Christoph Schmid: Martin mladi pušavnik. Dober dar za mlade ljudi. Iz pisem Krištofa Šmida 1. V Celovci, 1836.	Christoph von Schmid (1768-1854)	7524803	https://www.deutsche-biographie.de/sfz78606.html#ndbcontent	Felicijan Globočnik (1810-1873)	https://www.slovenska-biografija.si/oseba/sbi202483/	18712	MARTIN MLADI PUŠAVNIK. Zala perpoved za otroke, iz pisem Krištofa Šmida. Posloven...
Schmid_SrecaDobrigaUka1832	1832	Sreča dobriga uka (1832) [PriLit]		Christoph von Schmid. Sreča dobriga uka		URN:NBN:SI:doc-ALXT7DHZ	print		Christoph Schmid: Pomoč v sili ali Leseni križ in Sreča dobriga uka. Dve povesti iz pisem Kristofa Šmida. Ljubljana, 1832. Str. 31-48.	Christoph von Schmid (1768-1854)	7524803	https://www.deutsche-biographie.de/sfz78606.html#ndbcontent	Jožef Burger (1800-1870)	https://www.slovenska-biografija.si/oseba/sbi153908/	3360	POMOČ V SILI ALI LESENI KRIŽ IN SREČA DOBRIGA UKA. Dve povesti iz pisem Krištofa Šmida....
Schmid_SvetiVecer1866	1866	Sveti večer (1866) [PriLit]	Povest v božični dar pridnim otrokom	Christoph von Schmid. Sveti večer		URN:NBN:SI:DOC-YK775YOP	print		Christoph Schmid: Sveti večer. Povest v božični dar pridnim otrokom. V Celovcu, 1866.	Christoph von Schmid (1768-1854)	7524803	https://www.deutsche-biographie.de/sfz78606.html#ndbcontent	Janez Bilc (1839-1906)	https://www.slovenska-biografija.si/oseba/sbi142316/	17298	SVETI VEČER. Povest v božični dar pridnim otrokom. Spisal Krištof Šmid. Pos...
Skalar_Eksemplar1643	1643	Eksemplar od svetiga Bonaventura (1643) [PriLit]	Človeku naprej postavlen, koku se ima eden spet z Bogam združiti skuzi pokuro, ker se je od njega skuzi greh odločil. V enim zgovorjanju mej človekam inu dušico. Breuiloquium	Bonaventura. Eksemplar od svetiga Bonaventura	http://ezb.ijs.si/fedora/get/nrss:nrss_ms_040_02/VIEW/		manuscript	Skalarjev rokopis 1643. Editio princeps - znanstvenokritična izdaja. Uredila Monika Deželak Trojar. Celje: Celjska Mohorjeva družba: Društvo Mohorjeva družba; Ljubljana: Inštitut za slovensko literaturo in literarne vede ZRC SAZU, 2011. Str. 393-799.	Register slovenskih rokopisov 17. in 18. stoletja. Ms 040_02. Exemplar Od Suetiga Bonauentura Zhloueku naprei postaulena Koku ſe ima eden spet s'Bogam sdrushiti skusi pokuro ker se ie od niega skusi greh odlozhil.	Bonaventura (~1217-1274)	89657091	https://www.deutsche-biographie.de/pnd118513176.html#indexcontent_Bio	Adam Skalar (?-1658)	https://www.slovenska-biografija.si/oseba/sbi572952/	36585	EKSEMPLAR OD SVETIGA BONAVENTURA, ČLOVEKU NAPREJ POSTAVLEN, KOKU SE IMA EDEN SPET Z BOGAM ZDR...
Skalar_SulaTigaPremisluvana1643	1643	Šula tiga premišluvana (1643) [PriLit]		Johannes Wolf. Šula tiga premišluvana	http://ezb.ijs.si/fedora/get/nrss:nrss_ms_040_01/VIEW/		manuscript	Skalarjev rokopis 1643. Editio princeps - znanstvenokritična izdaja. Uredila Monika Deželak Trojar. Celje: Celjska Mohorjeva družba: Društvo Mohorjeva družba; Ljubljana: Inštitut za slovensko literaturo in literarne vede ZRC SAZU, 2011. Str. 9-392.	Register slovenskih rokopisov 17. in 18. stoletja. Ms 040_01. Shulla tiga premishluuana sloshena skusi brata Ioannesa Wolfa reformiraniga Franciscarneria is pouella tiga visoku zhastitiga Firsta inu Gospuda, Gospuda Wilhelma skoffa v' Prisxni.	Johannes Wolf (1521-1572)	5804515	https://www.deutsche-biographie.de/sfz86031.html#adbcontent	Adam Skalar (?-1658)	https://www.slovenska-biografija.si/oseba/sbi572952/	27271	ŠULA TIGA PREMIŠLUVANA, ZLOŽENA SKUZI BRATA JOANESA WOLFA, REFORMIRANIGA FRANCISKARNERJA, IZ...
Skalar_VsakdanjeSpomislane1643	1643	Vsakdanje spomišlane vernih kršanskih dušic, stuprav andoktlivih ludi (1643) [PriLit]		Vsakdanje spomišlane vernih kršanskih dušic, stuprav andoktlivih ludi	http://ezb.ijs.si/fedora/get/nrss:nrss_ms_040_03/VIEW/		manuscript	Skalarjev rokopis 1643. Editio princeps - znanstvenokritična izdaja. Uredila Monika Deželak Trojar. Celje: Celjska Mohorjeva družba: Društvo Mohorjeva družba; Ljubljana: Inštitut za slovensko literaturo in literarne vede ZRC SAZU, 2011. Str. 801-804.	Register slovenskih rokopisov 17. in 18. stoletja. Ms 040_03. Vsakdanie Spomishlane vernih karshanskich Dushiz, stuprau Andoctliuich Ludi.				?Adam Skalar (?-1658)	https://www.slovenska-biografija.si/oseba/sbi572952/	349	VSAKDANJE SPOMIŠLANE VERNIH KRŠANSKIH DUŠIC, STUPRAV ANDOKTLIVIH LUDI V nedelo spomišlu...
Skalar_VselajInuNikoli1843	1643	Vselaj inu nikoli, to je večnost (1643) [PriLit]		Adam Skalar. Vselaj inu nikoli, to je večnost	http://ezb.ijs.si/fedora/get/nrss:nrss_ms_040_04/VIEW/		manuscript	Skalarjev rokopis 1643. Editio princeps - znanstvenokritična izdaja. Uredila Monika Deželak Trojar. Celje: Celjska Mohorjeva družba: Društvo Mohorjeva družba; Ljubljana: Inštitut za slovensko literaturo in literarne vede ZRC SAZU, 2011. Str. 805-888.	Register slovenskih rokopisov 17. in 18. stoletja. Ms 040_04. Vselai, inu Nikoli, to ie Vezhnost.	Adam Skalar (?-1658)	304515044	https://www.slovenska-biografija.si/oseba/sbi572952/			6100	VSELAJ INU NIKOLI, TO JE VEČNOST Ta prvi del Od te prestrašne, večno trpeče pekle...
Svetokriski_DominicaIIIAdventus1707	1707	Dominica III. Adventus (1707) [PriLit]		Janez Svetokriški. Dominica III. Adventus		URN:NBN:SI:DOC-CIV93RT4	print		Janez Svetokriški: Sacrum promptuarium singulis per totum annum dominicis praedicabile. Pars quinta. 1707. Str. 25-45.	Janez Svetokriški (1647-1714)	61726060	https://www.slovenska-biografija.si/oseba/sbi247826/			6357	DOMINICA III. ADVENTUS Quis es tu? Ego vox clamantis in deserto. Kdu si ti? Jest...
Svetokriski_NaDanSAgnes1696	1696	Na dan s. Agnes - divice inu martrnce (1696) [PriLit]		Janez Svetokriški. Na dan s. Agnes - divice inu martrnce		URN:NBN:SI:DOC-ZGFBKTD0	print		Janez Svetokriški: Sacrum promptuarium singulis per totum annum festis, quae tum ex praecepto, tum ex devotione celebrantur praedicabile. Pars tertia. 1696. Str. 112-124.	Janez Svetokriški (1647-1714)	61726060	https://www.slovenska-biografija.si/oseba/sbi247826/			3765	NA DAN S. AGNES − DIVICE INU MARTRNCE Gaudeamus, et exultemus, et demus gloriam ei; qui...
Svetokriski_NaDanSStefana1696	1696	Na dan s. Štefana (1696) [PriLit]		Janez Svetokriški. Na dan s. Štefana		URN:NBN:SI:DOC-ZGFBKTD0	print		Janez Svetokriški: Sacrum promptuarium singulis per totum annum festis, quae tum ex praecepto, tum ex devotione celebrantur praedicabile. Pars tertia. 1696. Str. 11-22.	Janez Svetokriški (1647-1714)	61726060	https://www.slovenska-biografija.si/oseba/sbi247826/			3535	NA DAN S. ŠTEFANA Surrexerunt autem quidam de sinagoga, dispuntes cum Stephano. Et non...
Svetokriski_NaDanSvetigaRoka1696	1696	Na dan svetiga Roka (1696) [PriLit]		Janez Svetokriški. Na dan svetiga Roka		URN:NBN:SI:DOC-ZGFBKTD0	print		Janez Svetokriški: Sacrum promptuarium singulis per totum annum festis, quae tum ex praecepto, tum ex devotione celebrantur praedicabile. Pars tertia. 1696. Str. 433-446.	Janez Svetokriški (1647-1714)	61726060	https://www.slovenska-biografija.si/oseba/sbi247826/			4359	NA DAN SVETIGA ROKA In diebus suis placuit DEO, & inventus est iustus, & in tempore ira...
Svetokriski_NaNovigaLejtaDan1696	1696	Na noviga lejta dan (1696) [PriLit]		Janez Svetokriški. Na noviga lejta dan		URN:NBN:SI:DOC-ZGFBKTD0	print		Janez Svetokriški: Sacrum promptuarium singulis per totum annum festis, quae tum ex praecepto, tum ex devotione celebrantur praedicabile. Pars tertia. 1696. Str. 53-79.	Janez Svetokriški (1647-1714)	61726060	https://www.slovenska-biografija.si/oseba/sbi247826/			8814	NA NOVIGA LEJTA DAN. Vocatum est nomen eius IESUS Je njega ime bilu imenovanu JEZ...
Svetokriski_NaOsmoNedeljoPoSvetiTrojici1691	1691	Na osmo nedelo po s. Trojici (1691) [PriLit]		Janez Svetokriški. Na osmo nedelo po s. Trojici		URN:NBN:SI:DOC-JDE4RVAA	print		Janez Svetokriški: Sacrum promptuarium singulis per totum annum dominicis, et festis solemnioribus Christi Domini, et B. V. Mariae, praedicabile. Pars prima. 1691. Str. 204-218.	Janez Svetokriški (1647-1714)	61726060	https://www.slovenska-biografija.si/oseba/sbi247826/			4705	NA OSMO NEDELO PO S. TROJICI Et vocavit illum, et ait illi: Quid hoc audio de te? Redde...
Svetokriski_NaSedmoNedeljoPoSTrojici1691	1691	Na sedmo nedelo po s. Trojici (1691) [PriLit]		Janez Svetokriški. Na sedmo nedelo po s. Trojici		URN:NBN:SI:DOC-JDE4RVAA	print		Janez Svetokriški: Sacrum promptuarium singulis per totum annum dominicis, et festis solemnioribus Christi Domini, et B. V. Mariae, praedicabile. Pars prima. 1691. Str. 188-203.	Janez Svetokriški (1647-1714)	61726060	https://www.slovenska-biografija.si/oseba/sbi247826/			5251	NA SEDMO NEDELO PO S. TROJICI Omnis arbor, quae non facit fructum bonum, excidetur, et...
Svetokriski_NaTretjoNedeloPoVelikiNoci1691	1691	Na tretjo nedelo po Veliki noči (1691) [PriLit]		Janez Svetokriški. Na tretjo nedelo po Veliki noči		URN:NBN:SI:DOC-JDE4RVAA	print		Janez Svetokriški: Sacrum promptuarium singulis per totum annum dominicis, et festis solemnioribus Christi Domini, et B. V. Mariae, praedicabile. Pars prima. 1691. Str. 14-40.	Janez Svetokriški (1647-1714)	61726060	https://www.slovenska-biografija.si/oseba/sbi247826/			4810	NA TRETJO NEDELO PO VELIKI NOČI Quid est hoc, quod dicit nobis: Modicum, et non videbit...
Svetokriski_NaVelikPetek1691	1691	Na Velik petek (1691) [PriLit]		Janez Svetokriški. Na Velik petek		URN:NBN:SI:DOC-JNDHE597	print		Janez Svetokriški: Sacrum promptuarium singulis per totum annum dominicis, et festis solemnioribus Christi Domini et B. V. Mariae, praedicabile. Pars secunda. Str. 546-565.	Janez Svetokriški (1647-1714)	61726060	https://www.slovenska-biografija.si/oseba/sbi247826/			6614	NA VELIK PETEK. Dicunt omnes: Cruciſigatur. Vsi vpijejo: Križaj ga. Matth. c. 27:...
Svetokriski_SermoNonusProInduendaMoniali1700	1700	Sermo nonus (1700) [PriLit]	Pro induenda mondiali	Janez Svetokriški. Sermo nonus		URN:NBN:SI:DOC-2UFG1CO8	print		Janez Svetokriški: Sacrum promptuarium diversos pro diversis occurrentibus sacris ministeriis praedicabiles continens sermones. Pars Quarta. 1700. Str. 100-112.	Janez Svetokriški (1647-1714)	61726060	https://www.slovenska-biografija.si/oseba/sbi247826/			3745	SERMO NONUS. PRO INDUENDA MONIALI. Quid existis in desertum videre? Kaj ste vunka...
Svetokriski_SermoXVObPartamDeTurcisVictoriam1700	1700	Sermo XV (1700) [PriLit]	Ob partam de Turcis victoriam	Janez Svetokriški. Sermo XV		URN:NBN:SI:DOC-2UFG1CO8	print		Janez Svetokriški: Sacrum promptuarium diversos pro diversis occurrentibus sacris ministeriis praedicabiles continens sermones. Pars Quarta. 1700. Str. 170-180.	Janez Svetokriški (1647-1714)	61726060	https://www.slovenska-biografija.si/oseba/sbi247826/			3210	SERMO XV. OB PARTAM DE TURCIS VICTORIAM. Vos autem benedicite DEUM & narrate omnia mira...
Svetokriski_SermoXXXIProDedicationeEcclesiae1700	1700	Sermo XXXI (1700) [PriLit]	Pro dedicatione ecclesiae.	Janez Svetokriški. Sermo XXXI		URN:NBN:SI:DOC-2UFG1CO8	print		Janez Svetokriški: Sacrum promptuarium diversos pro diversis occurrentibus sacris ministeriis praedicabiles continens sermones. Pars Quarta. 1700. Str. 341-353.	Janez Svetokriški (1647-1714)	61726060	https://www.slovenska-biografija.si/oseba/sbi247826/			4278	SERMO XXXI. PRO DEDICATIONE ECCLESIAE. Zachaee, festinans descende, quia hodie in domo...
Veriti_Popotnik1828	1828	Popotnik široke in vozke poti (1828) [PriLit]	Ali Popisovanje, kako se človek spači, v grehih živi, kako se poboljša, in Bogu služi	Franc Veriti. Popotnik široke in vozke poti		URN:NBN:SI:DOC-7UVJ6DG2	print		Franc Veriti: Popotnik široke in vozke poti; ali Popisovanje, kako se človek spači, v grehih živi, kako se poboljša, in Bogu služi. Ljubljana, 1828.	Franc Veriti (~1771-1849)	305753002	https://www.slovenska-biografija.si/oseba/sbi775580/			37675	POPOTNIK ŠIROKE IN VOZKE POTI; ALI POPISOVANJE, KAKO SE ČLOVEK SPAČI, V GREHIH ŽIVI, KAKO SE...
Veriti_SvetnikiI1828	1828	Življenje svetnikov in prestavni godovi I. (1828) [PriLit]		Franc Veriti. Življenje svetnikov in prestavni godovi I.		URN:NBN:SI:DOC-S962RF4Y	print		Franc Veriti: Življenje svetnikov in prestavni godovi. Perve bukve. Ljubljana, 1828. Str. 106-662	Franc Veriti (~1771-1849)	305753002	https://www.slovenska-biografija.si/oseba/sbi775580/			114750	Življenje svetnikov in prestavni godovi. Perve bukve. V natis teh bukev so milost...
Waitzenegger_Ita1831	1831	Ita Togenburska grafinja (1831) [PriLit]	Lepa ino nauka polna zgodba dvanajstiga stoletja, za vse pobožne kristjane popisana, posebno za tajiste, kateri v nedolžnosti terpe	Franz Joseph Waitzenegger. Ita Togenburska grafinja		URN:NBN:SI:DOC-3ZPVM62W	print		Ita Togenburska grafinja. Ljubljana, 1831.	Franz Joseph Waitzenegger (1784-1822)	27840214	https://www.deutsche-biographie.de/sfz84291.html#adbcontent_autor	Jurij Kosmač (1799-1872)	https://www.slovenska-biografija.si/oseba/sbi572952/	24706	ITA TOGENBURSKA GRAFINJA. Lepa ino nauka polna zgodba dvanajstiga stoletja, za vse pobo...
